song_title,album,year,singer,lyricist,composer,imdb_id
muralii madhur kahii.n baajii,(Non-film),1930s,Dilip Kumar Roy,Meera Bai,Dilip Kumar Roy,
janam maraN ke saathii,(Non-film),1930s,Dilip Kumar Roy,(Traditional),Dilip Kumar Roy,
wo muqaddar na rahaa aur wo zamaanaa na rahaa,Sheereen Farhaad,1931,Master Nissar,Agha Hashra Kashmiri,Brujlal Verma,
chho.D aakaash ko sitaare zamii.n par laaye,Maaya Machhindra/ Illusion/ Triya Rajya,1932,Govindrao Tembe,Kumar,Govindrao Tembe,
ai dard\-e\-dil kisii din honaa judaa na hamase,Raadharaani/ Divine Lady,1932,Gauhar Sultaana,Pt. Narayan Prasad 'Betab',Jhande Khan,
are mai.n to luT ga_ii aake tere baaG me.n maalii,Aurat Ka Pyaar,1933,Mukhtar Begum,Aga H Kashmiri,Mushtaq Ahmed,tt0231198
nuktaachii.n hai Gam\-e\-dil usako sunaaye na bane,Yahoodi Ki Ladki,1933,Saigal,Mirza Ghalib,Pankaj Mullick,
raajaa toraa paniyaa.N hamase na bharaa jaay re,Zehree Saanp,1933,Jehanara Kajjan,Pt. Narayan Prasad 'Betab',Brajlal Verma,
prem nagar me.n banaauu.Ngii ghar mai.n,Chandidas,1934,"Saigal, Uma Shashi",Aga H Kashmiri,R C Boral,tt0024964
kamasinii me.n dil pe Gam kaa baar kyo.N,Amrit Manthan,1934,"Shanta Apte, Chorus",'Veer' Muhammedpuri,Keshavrao Bhole,tt0024828
prem kii ho jay\-jay jiiwan hai ab sukhamay,Chandidaas,1934,"Saigal, Uma Shashi, Pahadi Sanyal",Aga H Kashmiri,R C Boral,
"basant ritu aa_ii aalii, phuul khilii Daalii\-Daalii",Chandidaas,1934,Uma Shashi,Aga H Kashmiri,R C Boral,
ta.Dapat biite din rainaa,Chandidas,1934,Saigal,Aga H Kashmiri,R C Boral,tt0024964
terii maut kha.Dii ho sarahaane jidhar,Devdaas,1935,K C Dey,Kedar Sharma,Timir Baran,
jidhar unakii tirachhii nazar ho ga_ii,Diljaani/ Mastaanaa/ Kunwaari,1935,Master Fida Husain,Ram Das 'Azaad',Master Nagar Das Nayak,
phir tiir\-e\-nazar se chhed jigar phir aa.Nkh milaa bismil kar de,Daakoo Ka Ladka,1935,Master Fida Husain,Rajiuddin,Master Nagar Das Nayak,
mat bhuul musaafir tujhe jaanaa hii pa.Degaa,Devdaas,1935,K C Dey,Kedar Sharma,Timir Baran,
roshan hai tere dam se duniyaa kaa pariiKaanaa,Devdaas,1935,Pahari Sanyal,Kedar Sharma,Timir Baran,
piyaa bin naahii.n aavat chainaa,Devdaas,1935,Saigal,Kedar Sharma,Timir Baran,
na aayaa man kaa miit umariyaa biit ga_ii saarii,Devdaas,1935,K C Dey,Kedar Sharma,Timir Baran,
naa pii kii nagariyaa aaye hai,Devdaas,1935,Pahari Sanyal,Kedar Sharma,Timir Baran,
naahi.n aaye ghanashyaam gheri aa_ii badarii,Devdaas,1935,Rajkumari,Kedar Sharma,Timir Baran,
chhuTe asiir to badalaa hu_aa zamaanaa thaa,Devdaas,1935,Saigal,Kedar Sharma,Timir Baran,
dil se terii nigaah jigar tak utar ga_ii,Kaarwaan-E-Hayaat,1935,Saigal,"Mirza Asadullah Khan ""Ghalib""",Mihir Kiran Bhattacharya,
mai.n Kush honaa chaahuu.N,Dhoop Chhaaon/ Bhagya Chakra,1935,"Parul Ghosh, Suprova Sarkar, Harimati",Pt. Sudarshan,Rai Chand Boral,
terii gaTharii me.n laagaa chor,Dhoop Chhaaon/ Bhagya Chakra,1935,K C Dey,Pt Sudarshan,R C Boral,
jalate hai.n aramaan meraa dil rotaa hai,Anaarkali,1935,Noorjehan,Saif,Hussain,
tum bin naiyaa morii kaun taraave,Swarag Ki Sidhi/ Sati Vimla,1935,Umrazia Begum,Wali Sahib,Gulam Haider,
prem\-kahaanii sakhii sunat suhaave,Dhoop Chhaaon/ Bhagya Chakra,1935,Uma Shashi,Pt Sudarshan,R C Boral?/ Pankaj Mullick?,
prem kii naiyaa chalii jal me.n morii,Dhoop Chhaaon/ Bhagya Chakra,1935,"Uma Shashi, Pahadi Sanyal",Pt Sudarshan,"R C Boral, Pankaj Mullick",
hairat\-e\-nazzaaraa aaKir ban gaii.n raanaaiyaa.n,Kaarwaan-E-Hayaat,1935,Saigal,Hakim Ahmad Shuja Pasha,Mihir Kiran Bhattacharya,
kise karataa muurakh pyaar pyaar pyaar teraa kaun hai,Achhut Kanya,1936,Ashok Kumar,J S Kashyap 'Natawa',Saraswati Devi,tt0027256
yahii aarazuu thii dil kii ki qariib yaar hotaa,Madam Fashion,1936,Jugal Kishor,Jaddan Bai,Jaddan Bai,tt0230482
u.Dii hawaa me.n gaatii hai jaatii chi.Diyaa ye raag,Achhut Kanya,1936,Devika Rani,J S Kashyap 'Natawa',Saraswati Devi,tt0027256
yaad na kar dil\-e\-hazii.n bhuulii hu_ii kahaaniyaa.N,Deccan Queen,1936,Surendra Nath,Jiya Sarhadi,Pransukh Nayak,tt0231432
mere dil kii duniyaa uja.D ga_ii samajhe the dil kii lagii hu_ii,Janmabhoomi,1936,Ashok Kumar,J S Kashyap 'Natawa',Saraswati Devi,tt0027815
piir\-piir kyaa karataa re terii piir na jaane koy,Achhut Kanya,1936,Ashok Kumar,J S Kashyap 'Natawa',Saraswati Devi,tt0027256
jagat me.n prem hii prem bharaa hai,Millionaire/ Karorpati,1936,Saigal,Kedar Sharma,R C Boral,
jo naukarii dilaa de ##B.A.## banaane vaale,Millionaire/ Karorpati,1936,"Saigal, Pahadi Sanyal",Kedar Sharma,Rai Chand Boral,
o dilarubaa kahaa.N tak zulm\-o\-sitam sahe.nge,Millionaire/ Karorpati,1936,"Saigal, Pahadi Sanyal",Kedar Sharma,R C Boral/ Pankaj Mullick?,
sundar naarii priitam pyaarii,Manzil,1936,Pankaj Mullick,Arzoo Lucknavi/ A H Shor,R C Boral,
bhaagy chakr nit chalataa hai karmo.n kii gati nyaarii hai,Pratima/ Prem Moorti,1936,Amirbai Karnataki,Gaurishankar Lal 'Akhtar',Anil Biswas,
khet kii muulii baag ko aam,Achhut Kanya,1936,"Ashok Kumar, Devika Rani",J S Kashyap 'Natawa',Saraswati Devi,tt0027256
mai.n ban kii chi.Diiyaa ban ke ban ban boluu.n re,Achhut Kanya,1936,"Devika Rani, Ashok Kumar",J S Kashyap 'Natawa',Sarasvati Devi,tt0027256
dhiire baho nadiyaa dhiire baho hame.n utaran paar,Achhut Kanya,1936,"Kusum Kumari, Party",J S Kashyap 'Natawa',Saraswati Devi,tt0027256
kit gaye ho khewanahaar naiyaa Duubatii,Achhut Kanya,1936,Saraswati Devi,J S Kashyap 'Natawa',Saraswati Devi,tt0027256
suno\-suno ban ke praanii,Amar Jyoti/ Immortal Flame,1936,Shanta Apte,Pt. Narottam Vyas,Master Krishnarao,
ab mai.nne jaanaa hai haay prem kyaa hai,Amar Jyoti/ Immortal Flame,1936,Shanta Apte,Pt Narottam Vyas,Master Krishnarao,
tumhii.n ne mujhako prem sikhaayaa,Manmohan,1936,"Surendra Nath, Bibbo",Zia Sarhadi,Ashok Ghosh/ Anil Biswas?,tt0232048
harii base sakal sanasaaraa,Achhut Kanya,1936,Male Voice?,J S Kashyap 'Natawa',Saraswati Devi,tt0027256
chuu.Dii mai.n laayaa anamol re,Achhut Kanya,1936,"Mumtaz Ali, Sunita Devi",J S Kashyap 'Natawa',Saraswati Devi,tt0027256
is paapa kii duniyaa se ab aur kahii.n le chal,Dukhiari/ A Tale Of Selfless Love (1937) and Zamana (1938),1937,Amirbai,Gauri Shankar Lal 'Akhtar',Anil Biswas,
tan kaa kar le band kiwaa.Daa,Vidyapati,1937,"Kanan Devi, K C Dey/ K C Dey",Kedar Sharma,R C Boral,tt0028626
"bhuulii huii yaad aa_ii kahaanii, haay mohabbat, haay jawaanii",Toofaani Taarzan,1937,Ahmad Dilawar,Pt Gyan,Master Mohammed,
more a.nganaa me.n aaye aalii mai.n chaal chaluu.N matawaalii,Vidyapati,1937,Kanan Devi,Kedar Sharma,R C Boral,tt0028626
piyaa\-milan ko jaat huu.N,Vidyapati,1937,"K C Dey, Pahari Sanyal, Kanan Devi/ K C Dey",Kedar Sharma,R C Boral,tt0028626
ambuuvaa kii Daalii\-Daalii jhuum rahii hai aalii,Vidyapati,1937,"Kanan Devi, Dhumi Khan",Kedar Sharma,R C Boral,tt0028626
anuraadhaa o anuraadhaa ... gokul se gaye giradhaarii,Vidyapati,1937,K C Dey,Kedar Sharma,R C Boral,tt0028626
ek din raadhaa ne ba.nsuriyaa ... ik baa.Ns kii thii,Vidyapati,1937,Pahari Sanyal,Kedar Sharma,R C Boral,tt0028626
darshan hue tihaare saajan,Vidyapati,1937,Pahari Sanyal,Kedar Sharma,R C Boral,tt0028626
madhu\-ritu aa_ii phaagun kii sakhi,Vidyapati,1937,"Pahari Sanyal, Chorus",Kedar Sharma,R C Boral,tt0028626
man prem kii jyot jalaa sajanii,Anaath Aashram,1937,"Uma Shashi, Pahari Sanyal",Kedar Sharma,R C Boral,
Dole hriday kii naiyaa,Vidyapati,1937,Kanan Devi,Kedar Sharma,R C Boral,tt0028626
hari charanan me.n safal hot ... panaghaT pe kanhaiyaa aataa hai,Vidyapati,1937,K C Dey,Kedar Sharma,R C Boral,tt0028626
ra.ng Daaraa ra.ng Daaraa mohe prem ra.ng me.n,Vidyapati,1937,Rampyari 'Chapla',Kedar Sharma,R C Boral,tt0028626
Kudaa rakkhe aabaad jiivan tumahaaraa,Toofaani Taarzan,1937,Ahmad Dilawar,Pt Gyan,Master Mohammed,
"pujaarii, more mandir me.n aa_o",jaagirdaar,1937,"Surendra, Bibbo",Pt Indra,Anil Biswas,
har galii me.n hai.n bagiiche,Wahaan/ Beyond the Horizon,1937,Shanta Apte,Pt Narottam Vyas,Master Krishnarao,
bharane de mohe niir,Izzat,1937,"Ashok Kumar, Devika Rani",J S Kashyap 'Natawa',Saraswati Devi,tt0029060
matawaale naino.n waalii ghu.Ngharaale baalo.n waalii,Izzat,1937,"Ashok Kumar, Devika Rani",J S Kashyap 'Natawa',Saraswati Devi,tt0029060
ek thaa raajaa ek thii raanii dono.n par chhaa_ii thii jawaanii,Duniya Na Maane/ The Unexpected,1937,Shanta Apte,Munshi Aziz,Keshav Rao Bhole,
kyuu.N nainan se niir bahaa_e,Toofaani Toli/ Reckless Rogues,1937,Waheedan Bai,P L Santoshi,Gyan Dutt,
naa koii prem kaa rog lagaaye,President,1937,K L Saigal,Unknown,Pankaj Mallick,tt0273103
##Song of Life## ##In the world's broadfield of battle##,Duniya Na Maane/ The Unexpected,1937,Shanta Apte,H W Longfellow,Keshavrao Bhole,
kit jaa_oge kanhaiyaa man ke basaiyaa,Izzat,1937,Devika Rani,J S Kashyap 'Natawa',Saraswati Devi,tt0029060
"prem karat ban me.n, jalat tan me.n, piyaa base man me.n",Toofaani Taarzan,1937,Female Voice?,Pt Gyan,Master Mohammed,
kis na ye sab khel rachaayaa,Dhartimata,1938,Saigal,Pt. Sudarshan,Pankaj Mullick,
ai dard zaraa dam le,Zamaana,1938,Amirbai,D N Madhok,Sundar Das,
barakhaa kii raat aa_ii manavaa,Adhikar,1938,Pankaj Mullick,Munshi Arzoo,Timir Baran,tt0155474
suhaag kii raat aa_ii sajanii,Adhikaar,1938,Pahari Sanyal,Munshi Arzoo/ Rasheed,Timir Baran,
kahaa.N wo bachapan kaa pyaaraa sapanaa,Adhikaar,1938,"Pahari Sanyal, Pankaj Mullick",Munshi Arzoo/ Rasheed,Timir Baran,
kaun hai kisakaa miit muurakh,Abhaagin,1938,Akbar Khan Peshawari,Arzoo,R C Boral,
hausalaa aashiq ko chaahiye dil lagaane ke liye,Post Man/Abhilasha?,1938?,Akbar Khan Durrani Peshawari?,Zia Sarhadi?,Anil Biswas?,
yuu.N dard bhare dil kii awaaz sunaaye.nge,Kapal Kundala,1938,Pankaj Mullick,Arzoo,Pankaj Mullick,
suquun dil ko mayassar gul\-o\-samar me.n nahii.n,Street Singer,1938,"Saigal/ Kanan Devi, Saigal",Aarzoo Lakhnawi,Rai Chand Boral,tt0030806
kyuu.N hamane diyaa dil,Vatan,1938,Sitara,Wajahat Mirza,Anil Biswas,
mai.n tere gale kii maalaa,Gramophone Singer,1938,"Surendra Nath, Bibbo",Zia Sarhadi,Anil Biswas,tt0213687
mai.n man kii baat bataauu.N,Dhartimata,1938,"Saigal, Uma Shashi",Pt. Sudarshan,Pankaj Mullick,
sa.Nwariyaa prem kii bansii sunaa,Street Singer,1938,"Saigal/ Kanan Devi, Saigal",Aarzoo Lakhnawi,Rai Chand Boral,tt0030806
jhuki aa_ii re badariyaa saawan kii,Bhaabhi,1938,Renuka Devi,Meerabai,Saraswati Devi,
lo khaa lo maiDam khaanaa,Street Singer,1938,"Khemchand Prakash?, Female",Arzo Lucknavi,R C Boral,tt0030806
ek chhoTaa sa mandir banaaye.nge,Gramophone Singer,1938,Surendra Nath,Zia Sarhadi,Anil Biswas,tt0213687
kaahe akelaa Dolat baadal mohe bhii sa.ng le jaa,Gramophone Singer,1938,Surendra Nath,Zia Sarhadi,Anil Biswas,tt0213687
rut hai suhaanii mast hawaaye.n,Street Singer,1938,"Kanan Devi, K L Saigal",Arzo Lucknavi,R C Boral,tt0030806
"jaage aaj more bhaag, sahilii aa_o, gaa_o bajaa_o",Jwaala,1938,"Ratnaprabha, Chorus",Pt Indra,Dhamman Khan,
lachhamii muurat daras dikhaaye,Street Singer,1938,Kanan Devi,Arzoo Lucknowi,R C Boral,tt0030806
priitam se priit nibhaa_u.Ngii,Street Singer,1938,Kanan Devi,Arzo Lucknavi,R C Boral,tt0030806
saa.Nwar waalaa vahii re saa.Nwar jiyaraa re jaraaye,Pukaar,1939,"Naseem, Sardar Akhtar",Kamal Amrohi,Mir Sahab,
"raadhe raadhe, ba.nshii rahii pukaar",Kangan,1939,Arun Kumar,Pt Narottam Vyas,Saraswati Devi,tt0031527
kaahe ko mohe chhere re be_imanawaa,Pukaar,1939,"Sardar Akhtar, Chorus",Kamal Amrohi,Mir Sahab,
"bande, naav kaa la.ngar cho.D",Kangan,1939,Arun Kumar,Pt Narottam Vyas,Ramchandra Pal,tt0031527
he ho dhoye mahobe ghaaT ... dhobiyaa re dhobiyaa kahaa.N tumhaaro,Pukaar,1939,"Sardar Akhtar, Male Voice, Chorus",Kamal Amrohi,Mir Sahab,
tum bin hamarii kaun Kabar le govardhan giridhaarii,Pukaar,1939,Sheila,Kamal Amrohi,Mir Sahab,
saavan aaye yaa naa aaye piyaa ghar aaye saavan hai,Saadhana,1939,Harish,Kanhaiyalal Chaturvedi,Anupam Ghatak,
kyo.n baje hR^iday viinaa ke taar ... aa_ii bahaar aa_ii bahaar,Kangan,1939,"Ashok Kumar, Leela Chitnis",Pt. Narottam Vyas,Ramchandra Pal,tt0031527
jag maa hii jug\-jug jiyo,Pukaar,1939,Female Voice?,Kamal Amrohi,Mir Sahab,
zindagii kaa saaz bhii kyaa saaz hai,Pukaar,1939,Nasim Bano,Kamal Amrohi,Mir Saheb,
"dil me.n tuu, aa.Nkho.n me.n tuu, saa.Nso.n me.n tuu",Pukaar,1939,Menka,Kamal Amrohi,Mir Sahab,
giit suno wo giit saiyaa.N,Pukaar,1939,Sheela,Kamal Amrohi,Mir Sahab,
ab kisaliye kal kii baat kaTii ha.Nsii\-Kushii me.n raat,Aadmi/ Life Is For Living,1939,"Shanta Hublikar, Chorus",Munshi Aziz,Master Krishnarao,
raadhaa raadhaa pyaarii raadhaa raadhaa prem agaadhaa,Kangan,1939,"Ashok Kumar, Leela Chitnis",Pradeep,Ramchandra Pal,tt0031527
suunii pa.Dii re sitaar miiraa ke jiiwan kii,Kangan,1939,Leela Chitnis,Pradeep,Saraswati Devi,tt0031527
sitam the ... hazaar shukr ke... man darapan hai jag saaraa,Dushman/ The Enemy,1939,Saigal,Arzoo Lucknavi,Pankaj Mullick,
terii dayaa se ai dayii,Nartaki,1939,Pankaj,Pt Bhushan,Pankaj Mullick,tt0032836
chhalake ras kii gagariyaa bhaarii,Ek Hi Raasta/ The Only Way,1939,"Anil Biswas, Wahidan",Pandit Indra,Anil Biswas,
mujhe mil jaayegii unakii Dagariyaa,Ek Hi Rasta,1939,"Anil Biswas, Wahidan",Pt Indra,Anil Biswas,
shaalaa jawaaniyaa.N maaNe.N,Gul-E-Bakawali (Punjabi-Film),1939,Noorjehan,Wali Sahab,Ghulam Haider,
bhaaii ham paradesii log hame.n kaun jaane,Ek Hi Raastaa,1939,Anil Biswas,Pt Indra,Anil Biswas,
pi.njare de vich qaid jawaanii,Gul-E-Bakawali (Punjabi-Film),1939,Noorjehan,Wali Sahab,Ghulam Haider,
karuu.N kyaa aas niraas bhaii,Dushman,1939,Saigal,Arzoo Lucknowi,Pankaj Mullick,
"bhaa_ii re kabiir sun le kabiir, ramaiyaa kii joruu na luuTaa",Kangan,1939,"Pradeep, Chorus",Sant Kabir,Saraswati Devi,tt0031527
priit me.n hai jiivan jokho.n,Dushman,1939,Saigal,Arzoo Lucknowi,Pankaj Mullick,
ban chale raam raghuraa_ii,Sant Tulsidas,1939,"Vishnupant Pagnis, Chorus",Pt Indra,Gyan Dutt,tt0275650
pyaarii\-pyaarii suurato moh bharii muurato,Dushman/ The Enemy,1939,Saigal,Arzoo Lucknavi,Pankaj Mullick,
mai.n to aaratii utaaruu.N raadheshyaam kii re,Kangan,1939,"Leela Chitnis, Pradeep, Chorus",Pradeep,Ramchandra Pal,tt0031527
"maran re, tuu hii mero shyaam samaan",Kangan,1939,Kantilal,Pt Narottam Vyas,Ramchandra Pal,tt0031527
piyaa milan ko jaanaa,Kapala Kundala,1939,Pankaj Mullick,Pankaj Mullick,Pankaj Mullick,
maare raam jilaave raam,Kangan,1939,"Pradeep, Chorus",Sant Kabir,Ramchandra Pal,tt0031527
"havaa tum dhiire baho, mere aate ho.nge chitachor",Kangan,1939,Leela Chitnis,Pradeep,Saraswati Devi,tt0031527
jal bharane chalo rii gu_iyaa.N,Kangan,1939,Leela Chitnis,Pt Narottam Vyas,Ramchandra Pal,tt0031527
jogan bhaTak rahii hai ban-ban,Kangan,1939,Leela Chitnis,Pt Narottam Vyas,Saraswati Devi,tt0031527
ham aur tum aur ye Kushii ye qahaqahe ye dillagii,Alibaaba,1940,"Surendra, Wahidanbai",Dr Safdar 'Aah',Anil Biswas,
ye kaun aaj aayaa savere\-savere,Nartaki,1940,Pankaj Mullick,Munshi Aarzoo,Pankaj Mullick,tt0032836
jiivan aashaa ye hai merii,Zindagi,1940,Saigal,Aarzoo Lakhnawi,Pankaj Mullick,tt0156192
terii in aa.Nkho.n ne kiyaa biimaar haay,Alibaaba,1940,"Surendra, Wahidan",Dr Safdar 'Aah',Anil Biswas,
dil chhiin ke jaataa hai o mast nazar waale,Alibaaba,1940,"Surendra, Wahidanbai",Dr Safdar 'Aah',Anil Biswas,
chane zor garam baabuu mai.n laayaa mazedaar,Bandhan,1940,"Arun Kumar/ Arun Kumar, Kids",Pradeep,Saraswati Devi,tt0149784
suno pa.nchhii ke raag,Aurat/ Woman,1940,"Anilda, Jyoti, Sardar Akhtar, Surendra, Harish, Chorus",Dr Safdar 'Aah',Anil Biswas,
mast pawan shaaKe.n laharaaye.n,Haar Jeet/ Abhinetri,1940,"Kanan Devi, Pahadi Sanyal",Arzoo or Kedar Sharma,R C Boral,
"ruk na sako to jaavo, tum jaavo",Bandhan,1940,Arun Kumar,Pradeep,Saraswati Devi,tt0149784
so jaa raajakumaarii so jaa,Zindagi,1940,Saigal,Kedar Sharma,Pankaj Mullick,tt0156192
kaahe karataa der baraatii kaahe karataa der,Aurat/ Woman,1940,"Anil Biswas, Chorus",Dr Safdar 'aah',Anil Biswas,
tum ruuTh ga_ii.n ruuTh ga_ii.n baah rii sajaniyaa,Aurat/ Woman,1940,"Surendra, Jyoti",Dr Safdar 'Aah',Anil Biswas,
o varShaa ke pahale baadal,Meghdoot,1940,Jagmohan 'Sursagar',Faiyyaz Hashmi,Kamal Dasgupta,
kaise rain kaTii morii aalii,Sanskaar/ Chhoti Bahu,1940,"Wahidan Bai, Jyoti",Kanhaiya Lal Chaturvedi,Ashok Ghosh,
chal\-chal re naujawaan,Bandhan,1940,"Suresh/ Leela Chitnis, Ashok Kumar/ Ashok Kumar, Suresh, Chorus/ Ashok Kumar, Chorus",Pradeep,Ramchandra Pal,tt0149784
"kaise chhipoge, ab tum kaise chhipoge",Bandhan,1940,Leela Chitnis,Pradeep,Saraswati Devi,tt0149784
ham to alabele mazaduur gazab hamaarii jaaduugarii,Bandhan,1940,"Pradeep, Chorus",Pradeep,Ramchandra Pal,tt0149784
madabharii rut jawaan hai,Nartaki,1940,Pankaj Mullick,Munshi Aarzoo,Pankaj Mullick,tt0032836
apane bhaiyaa ko naach nachaa_uu.Ngii,Bandhan,1940,"Leela Chitnis, Suresh",Pradeep,Saraswati Devi,tt0149784
diinadayaal sakal dukh bha.njan ... prabhu ke darshan paaye mai.nne,Narasi Bhagat,1940,Amirbai,Sampat Lal Shrivastava 'Anuj'?,Shankarrao Vyas,
"piyu\-piyu bol, piyu\-piyu bol",Bandhan,1940,Pradeep,Pradeep,Saraswati Devi,tt0149784
prem kaa naataa chhuuTaa,Nartaki,1940,Pankaj Mullick,Munshi Aarzoo,Pankaj Mullick,tt0032836
"manabhaavan, manabhaavan lo saawan aayaa re",Bandhan,1940,Leela Chitnis,Pradeep,Saraswati Devi,tt0149784
phaagan kii rut aa_ii re,Holi,1940,"Sitara, Amrit Lal",D N Madhok,Khemchand Prakash,tt0231732
"mujh se pahalii sii mohabbat, mere mahabuub, na maa.Ng",Qaidi,1940,Noorjehan,Faiz Ahmed Faiz,Rashid Attre,tt0230672
panaghaT pai ek chhabiilii paanii bharan ko aa_ii,Main Haari/ Defeat,1940,H Khan Mastana,Kamal Amrohi,Mir Sahab,
merii aa.Nkho.n me.n mere man me.n piyaa chhaaye piyaa jii aan milo,Musaafir,1940,"Khursheed, Chorus",D N Madhok,Gyan Dutt,
ik din jaanaa ik din jaanaa hai,(Non-film),1940s,Dilip Kumar Roy,Meera Bai,Dilip Kumar Roy,
tum kab tak pyaar chhupaaogii,(Non-film),1940s,Hemant Kumar,Faiyaaz Hashmi,Kamal Dasgupta,
so_e hue hai.n chaa.Nd aur taare,(Non-film),1940's,Talat Mahmood,Faiyyaz Hashmi,Kamal Dasgupta,
tum ho diin dayaal,(Non-film),1940s,Asitbaran,Meera Bai,Durga Sen,
diye bujhaa do sajanii,(Non-film),1940s,Hemant,Faiyyaz Hashmi,Kamal Dasgupta,
piine kii ham ko aadat dukh me.n bhalii lagii hai,non-Film,1940s,Talat,Faiyaz Hashmi,Ramzan Khan,
tumhe.n aah banake jalaauu.Ngaa tumhe.n dard banake sataauu.Ngaa,(Non-film),1940s,Talat Mahmood,Faiyyaz Hashmi,Ramzan Khan,
priitam se jaake kah de,Hamari Kahani,1940s Not Released,Lata,Banwasi,Hemant Kedar,tt3483612
dil hai tumhaarii yaad kii duniyaa liye hue,Ghar Ki Laaj,1941,Kalyani,Ehsan Rizvi,Annasaheb Mainkar,
mere jiivan ke path par chhaa_ii ye kaun ... punam kii chaa.Ndanii,Anjaan,1941,"Ashok Kumar, Devika Rani",Pradeep,Pannalal Ghosh,tt18555788
meraa man kho gayaa hai,Naya Sansar,1941,Ashok Kumar,Pradeep,Ramchandra Pal,tt0151727
na jaane aaj kidhar merii naav chalii re,Jhoola,1941,Ashok Kumar,Pradeep,Saraswati Devi,tt0033772
"zi.ndagii hai pyaar se, pyaar me.n bitaaye jaa",Sikandar,1941,"Khan Mastana, ???, ???, chorus",Pt. Sudarshan,Mir Saheb/Rafiq Ghaznavi,tt0243559
jaagaa kiraNo.n waalaa,Chitralekha,1941,"Ramdulari, Rajendra Singh, Siddheshwar Mukherjee",Kidar Sharma,A S Gyaanii,tt0279731
"hamane kisii se sunii kahaanii ... chalii re, chalii re merii naav chalii re",Jhoola,1941,Ashok Kumar,Pradeep,Saraswati Devi,tt0033772
uTh jaag javaani aatii hai,Sikandar,1941,Menaka,Pt Sudarshan,Mir Saheb?/Rafiq Ghaznavi?,tt0243559
aa_ii aa_ii sajanavaa ajab ratiyaa,Sikandar,1941,Sheela,Pt Sudarshan,Mir Saheb?/Rafiq Ghaznavi?,tt0243559
"phulawaaran laage chor, malaniyaa soy rahii",Sikandar,1941,Sheela,Pt Sudarshan,Mir Saheb?/Rafiq Ghaznavi?,tt0243559
"saawan ke din aaye re, ma.ngawaa de chunariyaa",Sikandar,1941,"Sheela, Chorus",Pt Sudarshan,Mir Saheb?/Rafiq Ghaznavi?,tt0243559
khilo\-khilo matawaarii kaliyo,Sikandar,1941,Sheela,Pt Sudarshan,Mir Saheb?/Rafiq Ghaznavi?,tt0243559
jiite desh hamaaraa,Sikandar,1941,"Sheela, Chorus",Pt Sudarshan,Mir Saheb?/Rafiq Ghaznavi?,tt0243559
tum jaavo\-jaavo bhagawaan bane,Chitralekha,1941,Ram Dulari,Kedar Sharma,Jhande Khan,tt0279731
mai.n to dillii se dulahan laayaa re ai baabuu jii,Jhoola,1941,"Arun Kumar, Rehmat Bano",Pradeep,Saraswati Devi,tt0033772
more man kii nagariyaa basaaii re,Kanchan,1941,"Leela Chitnis, Muzumdar",c,Gyan Dutt,
aaj mausam salonaa\-salonaa re,Jhoola,1941,"Ashok Kumar, Arun Kumar, Rahmat Bano",Pradeep,Saraswati Devi,tt0033772
TuuT ga_ii Daalii ... ab kahaa.N baseraa apanaa,Pardesi,1941,Khursheed,D N Madhok,Khemchand Prakash,tt0213979
chale pavan kii chaal,Doctor,1941,Pankaj Mullick,Pradeep,Pankaj Mullick,tt0033861
aaj apanii mehanato.n kaa mujhako samaraa mil gayaa,Doctor,1941,Pankaj Mullick,Munshi Aarzoo,Pankaj Mullick,tt0033861
avadhapurii sab prem hii chhaavaa,Padosi,1941,Master Krishnarao,Pt Sudarshan,Master Krishnarao,tt0331308
mai.n sote bhaag jagaa duu.Ngaa,Lagan,1941,Saigal,Arzoo Lucknavi,R C Boral,tt0280358
mere bas kii baat jo hotii,Himmat,1941,Umrao Zia Begum,Aziz Kashmiri,Gobind Ram,
ek kalii naazo.n kii palii,Khazanchi/ The Cashier,1941,Shamshad,Wali Saheb,Ghulam Haider,
chhoTaa saa sansaar hamaaraa chhoTaa saa sansaar,Zamindar,1942,Shanta Apte,"Qamar Jalalabadi, Behzad Lucknowi",Ghulam Haider,tt0215382
mere haal par bebasii ro rahii hai,Zamindar,1942,Shamshad,"Qamar Jalalabadi, Behzad Lucknowi",Ghulam Haider,tt0215382
he naTawar giriidhaarii muraliidhar banawaarii,Zamindar,1942,"Shanta Apte, Male Voice","Nazim Paaniipatii, Qamar Jalalabadi",Ghulam Haider,tt0215382
ai prem terii balihaarii ho ham nayaa qariinaa siikh gaye,Roti,1942,Begum Akhtar,Dr Safdar 'Aah',Anil Biswas,tt0232542
Gariibo.n par dayaa kar ke,Roti,1942,Ashraf Khan,Dr Safdar 'Aah',Anil Biswas,tt0232542
chaar dino.n kii jawaanii,Roti,1942,Akhtaribai Faizabadi,Dr Safdar 'Aah',Anil Biswas,tt0232542
ye mujhase kahaa dil ne ... mai.n kyuu.N na karuu.N pyaar,Jawab,1942,"Anima Dasgupta, Kalyani Das",Pt Madhur,Kamal Dasgupta,tt0155774
raajaabeTii kekaraalaa guu.nthaluu tuu rachirachi,Saugandh,1942,"Asit Baran Mukherjee, Mahila Swar (Indrani Roy?)",Pt Natwar,R C Boral,tt0035291
duniyaa me.n Gariibo.n ko,Zamindar,1942,Shamshad,"Behzaad Lakhnavi, Qamar Jalalabadi",Ghulam Haider,tt0215382
kuchh yaad rahe to sun kar jaa,Jawab,1942,Kanan Devi,Pt. Madhur ?,Kamal Dasgupta,tt0155774
jhananan-jhananan baaj rahii hai ... aayaa raam\-raajy tyohaar,Bharat Milap,1942,Chorus,Balam,Shankar Rao Vyas,tt0156360
dil kii duniyaa jo luTaa dii tere diiwaano.n ne,Aramaan,1942,Shameem,Kedar Sharma,Gyan Dutt,
muhabbat me.n raste wo pesh aa rahe hai.n,Lalaji,1942,Anil Biswas,Neelkanth Tiwari,Basant Kumar,
ulajh ga_e nainawaa,Roti,1942,Akhtaribai Faizabadi,Dr Safdar 'Aah',Anil Biswas,tt0232542
mujhako jiine kaa bahaanaa mil gayaa hai,Garib,1942,Surendra Nath,Dr Safdar 'Aah',Anil Biswas,tt0139234
phir fasale ... na_ii ma.nzilape aaii,Roti,1942,Akhtari Bai,Dr Safdar 'Aah',Anil Biswas,tt0232542
shrii raamachandra kRRipaalu bhaja mana,Bharat Milap,1942,Chorus,Goswami Tulsidas,Shankar Rao Vyas,tt0156360
aaye raghuviir aaye ga.ngaa ke tiir,Bharat Milap,1942,"Amirbai, Chorus",Pt Anuj,Shankar Rao Vyas,tt0156360
raghukul riit ... aage raam\-lakhan ... bharat siil guruu,Bharat Milap,1942,G M Durrani,Goswami Tulsidas,Shankar Rao Vyas,tt0156360
bataa do raam gaye kis or,Bharat Milap,1942,Shahu Modak,Balam,Shankar Rao Vyas,tt0156360
"paa.nvarii diinhii.n, prabhuu nahii.n aaye, naino.n ke abhiraam",Bharat Milap,1942,Shahu Modak,Pt Anuj,Shankar Rao Vyas,tt0156360
prabhu jii pahale paa.Nv pakhaaruu.N,Bharat Milap,1942,"Amirbai, Chorus",Pt Indra,Shankar Rao Vyas,tt0156360
kal ho.nge raajaa raam,Bharat Milap,1942,"Kaushalya, Madhusudan",Pt Anuj,Shankar Rao Vyas,tt0156360
ronaa hai bekaar pagalii ronaa hai bekaar,Jawab,1942,"Ranjit Roy, Female Voice?",Pt Madhur,Kamal Dasgupta,tt0155774
jholii bhar taare laa de re,Bhakta Surdas,1942,Khursheed,D N Madhok,Gyan Dutt,tt0213510
madhukar shyaam hamaare chor,Bhakt Surdas,1942,Saigal,D N Madhok,Gyan Dutt,
maar ga_ii re hame.n terii najariyaa,Khandan,1942,"Noorjehan, Chorus",D N Madhok,Ghulam Haider,
o paradesii ghar aa jaa more saajan more raajaa,Apna Paraya,1942,Rajkumari,Pt Indra,Anil Biswas,
mere liye jahaan me.n chain naa qaraar hai,Khandan,1942,Noorjehan,D N Madhok,Ghulam Haider,
sar pe kadam kii chai.nyyaa muraliyaa baaje rii,Bhakta Surdas,1942,"Saigal, Rajkumari, Chorus",D N Madhok,Gyan Dutt,tt0213510
chalii dulhaniyaa chhamaachham chhamaachham chalii,Jawab,1942,Anima Dasgupta,Pt Madhur,Kamal Dasgupta,tt0155774
kadam chale aage man paachhe bhaage,Bhakta Surdas,1942,Saigal,D N Madhok,Gyan Dutt,tt0213510
dinase dugunii ho jaaye ratiyaa,Bhakt Surdas,1942,Saigal,D N Madhok,Gyan Dutt,
luuT rahaa hai ko_ii shaayad luuT rahaa hai ko_ii,Jawab,1942,Anima Dasgupta,Pt Madhur,Kamal Dasgupta,tt0155774
madhur madhur gaa re manavaa,Bhakt Surdas,1942,Khursheed,D N Madhok,Gyan Dutt,
pa.nchhii baavaraa,Bhakt Surdas,1942,Khursheed,D N Madhok,Gyan Dutt,
merii ammii kaa raaj bhalaa,Khandan,1942,Noorjehan,D N Madhok,Ghulam Haider,
duur desh kaa rahane vaalaa aayaa,Jawab,1942,"Kanan Devi, Pankaj Mullick",Pt. Madhur ?,Kamal Dasgupta,tt0155774
mere baaG kaa maalii phir aa gayaa,Khandan,1942,Noorjehan,D N Madhok,Ghulam Haider,
tuu kaun sii badalii me.n mere chaa.Nd hai aa jaa,Khandan,1942,Noorjehan,D N Madhok,Ghulam Haider,
duniyaa me.n sab jo.De-jo.De aashiq phire.n nigo.De,Sharda,1942,G M Durrani,D N Madhok,Naushad,tt0035312
badanaam na ho jaanaa o prem ke diiwaane,Jawani,1942,"Surendra, Husnbano, Chorus",Hazrat Aarzoo,Anil Biswas,tt0241594
balahaarii re kuka.Dakuu.N bol,Sharda,1942,"G M Durrani, Shyamsunder",D N Madhok,Naushad,tt0035312
maiyaa morii mai.n nahii.n maakhan khaayo,Bhakta Surdas,1942,Saigal,Soordas,Gyan Dutt,tt0213510
tum nahi.n aate ho nahi.n aa_o,Sharda,1942,Nirmala Devi,D N Madhok,Naushad,tt0035312
"nain hiin ko raah dikhaa, prabhuu",Bhakt Surdas,1942,Saigal,D N Madhok,Gyan Dutt,
nainaa re dekhe unake nain,Bhakta Surdas,1942,Khursheed,D N Madhok,Gyan Dutt,tt0213510
naa jaanaa ... ai chaa.Nd chhuup naa jaanaa,Jawab,1942,Kanan Devi,Pt Madhur,Kamal Das Gupta,tt0155774
pa.nchhii jaa piichhe rahaa hai bachapan meraa usako jaa ke laa,Sharda,1942,Surayya,D N Madhok,Naushad,tt0035312
aa_ii basant R^itu madamaatii,Jawani,1942,"Surendra, Husnbano",Hazrat Aarzoo,Anil Biswas,tt0241594
ummiid ta.Dapatii hai rotii hai.n tamannaa_e.N,Pagli,1943,Nasim Akhtar,Qamar Jalalabadi,Pt. Govindram,
shabanam kyuu.N niir bahaaye,Ishara,1943,Gauhar Sultaana,D N Madhok,Khurshid Anwar,tt0246706
ishq kaa dard sohanaa,Ishara,1943,Vatsala Kumthekar,D N Madhok,Khurshid Anwar,tt0246706
kyaa muhabbat kaa yahii anjaam hai,Najma,1943,Ashok Kumar,Anjum Pilibhiti,Rafiq Ghaznavi,tt0232155
ai chaa.Nd nikal aa,Muskarahat,1943,"Beenapani Mukharji, Chitalkar",Pt. Ishwar Chandra Kapoor,C Ramchandra,
tere dukh ke din phire.nge ... zi.ndagii ban ke jiye jaa,Kismat,1943,Arun Kumar,Pradeep,Anil Biswas,
bhaarat kii ek sannaarii kii ham kathaa sunaate hai.n,Ram Rajya/ Luv Kush,1943,"Madhusudan Bhatt, Yeshwant Marathe",Ramesh Gupta,Shankarrao Vyas,
tarasii hu_ii hai.n muddat se aa.Nkhe.n,Najma,1943,Ashok Kumar,Anjum Pilibhiti,Rafiq Ghaznavi,tt0232155
bhuul jaa jo dekhataa hai kyuu.N hai dekhaa bhuul jaa,Vishwas,1943,Surendra Nath,Dr Safdar 'Aah',Firoz Nizami,
panaghaT pe muraliyaa baaje,Ishara,1943,Suraiya,D N Madhok,Khurshid Anwar,tt0246706
raam naam dhan paayaa mai.nne,Prithvi Vallabh,1943,Menaka (Shirodkar),Pt Sudarshan,"Saraswati Devi, Rafiq Ghaznavi",tt0243505
ham aisii qisamat ko ... ek din ha.Nsaaye,Kismat,1943,"Arun Kumar, Amirbai",Pradeep,Anil Biswas,
jiivan hai bekaar binaa tumhaare,Wapas,1943,"Asit Baran, Indrani Roy",Pt Bhushan,R C Boral,tt0159109
ai duniyaa bataa ... ghar\-ghar me.n diiwaalii hai,Kismat,1943,Amirbai,Pradeep,Anil Biswas,
lo shuru huii is baar ham me.n tum me.n taqaraar,Kashinath,1943,"Asit Baran, Bela Mukherjee",Pt Bhushan,Pankaj Mullick,tt0156692
ik tuu ho ik mai.n huu.N,Qanoon,1943,Suraiyya,D N Madhok,Naushad,
insaan kyaa jo Thokare.n nasiib kii na sah sake,Hamari Baat,1943,"Parul Ghosh, Anil Biswas",Narendra Sharma,Anil Biswas,tt0035963
ab tere siwaa kaun meraa kR^iShN kanhaiyaa,Kismat,1943,Amirbai,Pradeep,Anil Biswas,
bhuul na jaanaa aaj kii baate.n,Wapas,1943,"Asit Baran, Indrani Roy",Munshi Zakir Husain,R C Boral,tt0159109
o dukhiyaa jiyaara tose nainaa,Tansen,1943,Khursheed,Pt. Indra Chandra,Khemchand Prakash,tt0214188
saawan kii rut bhaaye sajanawaa,Vishwas,1943,"Surendra Nath, Mehtab",Pt Indra,Firoz Nizami,
ab to nahii.n duniyaa me.n kahii.n apanaa Thikaanaa,Nadan,1943,Noorjehan,Zia Sarhadi,K Datta,tt0273866
"papiihaa re, mere piyaa se kahiyo jaay",Kismat,1943,"Parul Ghosh, Male Voice?",Pradeep,Anil Biswas,
raushanii apanii uma.ngo.n kii,Nadan,1943,Noorjehan,Zia Sarhadi,K Datta,tt0273866
"baraso re, baraso re",Tansen,1943,Khursheed,Pt. Indra Chandra,Khemchand Prakash,tt0214188
kaagaz kii thii wo naav,Zaban,1943,Kaushalya,D N Madhok,C Ramchandra,
ek anokhaa Gam anokhii sii musiibat ho ga_ii,Nadan,1943,Noorjehan,Zia Sarhadi,K Datta,tt0273866
aa jaa ... bichha.De hu_e saajan jis des gayaa hai,Nai Kahani,1943,G M Durrani,Wali Saheb,Shyamsunder,
ghaTaa ghan ghor ghor,Tansen,1943,Khursheed,Pt. Indra Chandra,Khemchand Prakash,tt0214188
pat raakho giradhaarii,Papi,1943,Zeenat Begum,Aziz Kashmiri,Pt Amarnath,
kahaanii ban gayii morii tum sa.ng aa.Nkh milaanii,Nurse,1943,Khursheed,D N Madhok,Gyan Dutt,
ham chale watan kii or,Kashinath,1943,Asit Baran,Pt Bhushan,Pankaj Mullick,tt0156692
suury dev jagadiip tej jinakaa jag saaje,Ram Rajya/ Luv Kush,1943,Phula Ji Buwa Sahab,Ramesh Gupta,Shankarrao Vyas,
wo gaye nahii.n hame.n mil ke,Nurse,1943,Rajkumari,D N Madhok,Gyan Dutt,
more baalapan ke saathii,Tansen,1943,"Khursheed, Saigal",Pt. Indra,Khemchand Prakash,tt0214188
aaye bhii wo gaye bhii wo,Namaste,1943,Parul Ghosh,D N Madhok,Naushad,
suukhii bagiyaa harii hu_ii,Hamari Baat,1943,"Parul Ghosh, Male Voice",Narendra Sharma,Anil Biswas,tt0035963
dil\-e\-nadaa.N tujhe hu_aa kyaa hai,Hunterwali Ki Beti/ Daughter of Hunterwali,1943,Khan Mastana,Mirza Ghalib,Chhannalal Naik,
bol biinaa madhur\-madhur kachhu bol,Ram Rajya/ Luv Kush,1943,Saraswati Rane,Ramesh Gupta,Shankarrao Vyas,
duniyaa hai ye pyaar kii duniyaa,Parakh,1944,Sushri Nigam/ Ira Nigam,Gaafil Harnalvi,Khurshid Anwar,tt0243476
do dilo.n ko ye duniyaa,Chand,1944,Manju,Qamar Jalalabadi,Husnlal-Bhagatram,tt0231332
kyaa ye hii jawaanii hai,Chand,1944,Zeenat Begum,Qamar Jalalabadi,Husnalal-Bhagatram,tt0231332
saa.Njh kii belaa pa.nchii akelaa nainan me.n dukh rain a.ndherii,Jwar Bhata,1944,"Arun Kumar, Chorus",Pt Narendra Sharma,Anil Biswas,tt0151168
aaye din pyaar ke saajanaa,Parakh,1944,"Kaushalya, Balwant Singh",Gaafil Harnalvi,Khurshid Anwar,tt0243476
muskaraate huye yuu.N aa.Nkh churaayaa na karo,Bhanwara/ Harjai,1944,Saigal,Kedar Sharma,Khemchand Prakash,
chhip chhip kar mat dekho jii,Man Ki Jeet,1944,"Shanta Thakkar, Bharat Vyas",Bharat Vyas,S K Pal,
saawan ke baadalo unase ye jaa kaho,Rattan,1944,"Zohrabai, Karan Deewan",D N Madhok,Naushad,tt0037213
alam par alam sitam par sitam,Dost,1944,Noorjehan,Shams Lakhnavi,Sajjad,tt0132925
Kaamosh nigaahe.n ye sunaatii hai.n kahaanii,Daasi,1944,S D Batish,D N Madhok,Pt Amarnath,tt2529150
"bha.nvaro, naa tab tak ha.Nsanaa re",Lalkar,1944,"Zohra, G M Durrani",Pt Madhur,C Ramchandra,
mujhe madhur lagataa hai unase apanaa pyaar chhupaanaa,Chal Chal Re Naujawan,1944,"Ashok Kumar, Naseem Bano",Pradeep,Ghulam Haider,tt0243816
zaraa bolo kyaa logii is dil kaa kiraayaa,Us Paar,1944,"Mukesh, Kusum",Pt. Madhur,Firoz Nijami,
kyaa hamane bigaa.Daa hai,Bhanwara,1944,Saigal,Kedar Sharma,Khemchand Prakash,tt0381050
ham apanaa unhe.n banaa na sake,Bhanwara/ Harjai,1944,Saigal,Kedar Sharma,Khemchand Prakash,
diyaa jisane dil luT gayaa wo bechaaraa,Bhanwara/ Harjai,1944,"Saigal, Chorus",Kedar Sharma,Khemchand Prakash,
letii hai.n dam\-ba\-dam balaaye.n,Parakh,1944,Kaushalya?,Arzoo Lakhnavi,Khurshid Anwar,tt0243476
prabhu charaNo.n me.n diip jalaao,Jwar Bhata,1944,"Parul Ghosh, Amirbai?, Chorus",Narendra Sharma,Anil Biswas,tt0151168
more aa.ngan me.n chhiTakii chaa.Ndanii,Jwar Bhata,1944,Parul Ghosh,Narendra Sharma,Anil Biswas,tt0151168
aaye hai.n balamaa ho din pyaare pyaare,Chand,1944,"Zeenat Begum, Durrani",Qamar Jalalabadi,Husnalal-Bhagatram,tt0231332
pa.nchhii merii Kushii kaa zamaanaa,Chand,1944,Zeenat Begum,Qamar Jalalabadi,Husnlal-Bhagatram,tt0231332
a.Nkhiyaa.N milaa ke bhaaganaa naa,Jeewan/ Bahaar,1944,Nirmala Devi,D N Madhok,Naushad,
nayano.n me.n nayanaa mat Daalo,Jeewan/ Bahaar,1944,Zohra Bai,D N Madhok,Naushad,
bul_bul aa tuu bhii gaa,Shahenshah Babar,1944,"Khursheed, chorus","Pt Indra, Munshi Sham, Munshi Aziz",Khemchand Prakash,tt0241941
na bhuule.nge tujhako bhulaa dene vaale,Shahenshah Babar,1944,Khursheed,Pt. Indra,Khemchand Prakash,tt0241941
muhabbat me.n saaraa jahaa.N jal rahaa hai,Shahenshah Babar,1944,Khursheed,Shams Lakhnavi,Khemchand Prakash,tt0241941
o jaane waale baalamawaa lauT ke aa,Rattan,1944,"Ameerbai, Shaam Kumar",D N Madhok,Naushad,tt0037213
mohaniyaa su.ndar mukha.Daa khol,Lal Haveli,1944,"Noorjehan, Surendra",Shums Lucknowi,Mir Sahib,tt0139416
nit nit ke ruuthanewaale saajan,Iraada,1944,"Hemant Kumar, Radharani",Aziz Kashmiri,Pandit Amarnath,
chamako\-chamako bijaliyaa,Chal Chal Re Naujawan,1944,"Ashok Kumar, Naseem Bano",Pradeep,Ghulam Haider,tt0243816
misl-e-Kayaal aaye the aa kar chale gaye,Aaina,1944,Kalyani,Pt. Phani,Gulshan Sufi,
more jubanaa kaa dekho ubhaar paapii,Man Ki Jeet,1944,Zohrabai,Josh Malihabadi,S K Pal,
yahii fiqr hai shaam pichhale sawere,Lal Haveli,1944,Surendra Nath,Shums Lucknowi,Mir Sahib,tt0139416
aa.Nkh milane kaa bahaanaa ho gayaa,Lady Doctor,1944,"Hameeda Bano, Snehal Bhatkar",Wali Saheb,Anil Biswas,
terii yaad aae sa.Nvariyaa jiyaa ghabaraae sa.Nvariyaa,Lal Haveli,1944,Noorjehan,Shams Lakhnavi,C Ramchandra,tt0139416
aa tuu aa ab naa sataa teraa hii intazaar hai,non-Film,1944,Amirbai Karnataki,Ramesh Gupta?,Pannalal Ghosh,
banatii nazar aatii nahii.n tadabiir hamaarii,Lal Haveli,1944,Noorjehan,Shums Lucknavi,Mir Saheb,tt0139416
"do nainaa matavaare tihaare, ham par zulm kare",My Sister,1944,Saigal,Pt. Bhushan,Pankaj Mullick,tt0158775
haay kis but kii muhabbat me.n giraftaar hue,My Sister,1944,Saigal,Pt. Bhushan,Pankaj Mullick,tt0158775
aa.Nkho.n me.n intazaar kii duniyaa liye huye,Caravan,1944,Zohra Bai,Munshi Aziz,Bulo C Rani,tt1380057
jaaduugar baalmaa tore naino.n me.n jiyaa kho gyaa,Pahele Aap/ Prestige,1944,Zohra Bai,D N Madhok,Naushad,
beKabar jaag zaraa ... kisakii aulaad hai tuu ... mujhe din raat lagii,Pahele Aap/ Prestige,1944,Sham/ Rafi Sham,D N Madhok,Naushad,
ghuu.NghaT paT naahii kholuu.N,Bhartruhari,1944,Jahanara Kajjan,Pt Indra,Khemchand Prakash,
nagarii merii kab tak ... ai chaa.Nd ummido.n ko ... aavaaz do insaaf ko,Man Ki Jeet,1944,Sitara Kanpuri,Josh Malihabadi,S K Pal,
"ho rasiyaa ho, kabhii le chal tuu",Daasi,1944,"Zeenat Begum, Second Singer (ss), Third Singer, Chorus",D N Madhok,Pt Amarnath,tt2529150
u.D jaa_uu.N mai.n saajan re,Kavita,1944,"Rajkumari, Durrani",Ramesh Gupta,Shankarrao Vyas,
merii ro ro a.Nkhiyaa.N laal hu_ii.N,Caravan,1944,"Amirbai, Bulo C Rani urf Bhola",Sharma,Bulo C Rani,tt1380057
kuukat koyaliyaa ku.njan me.n,Bharthari,1944,Jahanara Kajjan,Pt Indra,Khemchand Prakash,
saajan aa jaa raajan aa jaa,Bhai,1944,"Zeenat Begum, Ghulam Haider",Khan Shaatir Ghaznavi,Ghulam Haider,tt0039327
jo ham pe guzaratii hai ham kaise bataa_e.N,Panna,1944,Rajkumari,Wali Sahab,Amir Ali,
ye dil hai tumhe.n pukaare,Ban Phool,1945,"Kanan Devi, Male Voice (Dhirendra Chandra Mitra)?",Pt Madhur,Dhiren Mittar,tt0233286
tay kar ke ba.Dii duur kii purapech Dagariyaa,Pehli Nazar,1945,Mukesh,Dr Safdar 'Aah',Anil Biswas,tt0379423
jhuum rahii.n baaGo.n me.n bhiigii hu_ii Daaliyaa.N,Yateem,1945,"Rajkumari, G. M. Durrani",Zia Sarhadi,Khurshid Anwar,tt0038261
saa.Njh bhaye ghar aayaa panchhii,Sanyasi,1945,Sham Kumar,Pt Madhur,Naushad,tt0038052
aa.Nkhe.n to hu_ii band magar dard jagaaye,Begum,1945,Ashok Kumar,G S Nepali,Hariprasanna Das,tt0237033
ye kaun ha.Nsaa kisane sitaaro.n ko ha.Nsaayaa,Village Girl,1945,Noorjehan,Wali Saheb,Shyamsunder,tt0153549
merii du_aa_o.n kaa yaa rab ab asar dikhaa denaa,Humayun,1945,Shamshad,Shams Lakhnavi,Ghulam Haider,tt0142385
baiThii huu.N terii yaad kaa le kar ke sahaaraa,Village Girl,1945,Noorjehan,Wali Saheb,Shyamsunder,tt0153549
piipal kii chha.Nv tale mai.n bhii miluu.n tuu bhii mile,Sanyasi,1945,"Zohrabai, Amar",Pandit Buddhi Chandra Agrawal 'Madhur',Naushad,tt0038052
suno jii pyaarii koyaliyaa bole,Sanyasi,1945,"Zohrabai, Amar",Pt Madhur,Naushad,tt0038052
husn kahataa jaa rahaa hai baadashaahii kuchh nahii.n,Humayun,1945,"Shamshad, Chorus",Vikar Ambalvi,Ghulam Haider,tt0142385
kaaheko nain milaaye nain milaanewaale,Din Raat,1945,"Snehprabha Pradhan, Paresh Banerjee",Santokh Nadeem,Dada Chandekar,
dil jalataa hai to jalane de,Pahli Nazar,1945,Mukesh,Aah Sitapuri,Anil Biswas,
bulabulo mat ro yahaa.N,Zeenat,1945,Noorjehan,?,Hafiz Khan,tt0154026
le ga_e pahaluu se dil chorii chorii allaah qasam,Paheli Nazar,1945,"Roshanara Begum, Chorus",Aah Sitapuri,Anil Biswas,
kaun jiiwan me.n mere samaaye jaa rahaa hai,Hamara Sansar,1945,Zohra Bai,Ramesh Gupta,Gobindram,
is duniyaa kii pagaDaNDii par,Amrapali,1945,Amirbai,Miss Kamal/ Pradeep,Saraswati Devi,tt0037513
badariyaa baras ga_ii us paar,Moorti,1945,"Mukesh, Khursheed, Hameeda Bano",Pt. Indra,Bulo C Rani,tt0213892
apane na ho sake jo dil kaa qaraar ho kar,Bhaijan,1945,Noorjehan/ Zeenat Begum,Padatau Lakhanavii,Shyamsunder,
muhabbat ke gula_haa\-e\-tar guu.Ndhataa huu.N,Kurukshetra,1945,Saigal,Jameel Mazhari,Ganpat Rao,tt0381350
"nayanaa bhar aa_e niir, mere haThiile raajaa",Humayun,1945,Shamshad,Anjum Pilibhiti + Kavi Shant,Ghulam Haider,tt0142385
chupake se dil me.n aa base rah ke nazar se duur duur,Bhaijan,1945,Noorjehan/ Zeenat Begum,Padatau Lakhanavii,Shyamsunder,
raanii khol de apane du_aar milane kaa din aa gayaa,Tadbir,1945,"Saigal, Suraiya",Swami Ramanand,Lal Mohomed,tt0214182
ai chaa.Nd nazar na lagaanaa meraa chaa.Nd salonaa sotaa hai,Moorti,1945,Khursheed,Pt. Indra,Bulo C Rani,tt0213892
fasal\-e\-gul aa_ii hame.n yaad terii aane lagii,Panna Dai,1945,Zohrabai,D N Madhok,Gyan Dutt,
fasl\-e\-gul aa_ii hame.n yaad terii sataane lagii,Panna Dai,1945,Gyan Dutt,D N Madhok,Subal Dasgupta,
jaago musaafir jaago,Raj Laxmi,1945,Talat,Suresh Chowdhury,"Robin Chatterjee, Dhiren Mitra",
tum ham ko bhulaa baiThe ho,Badi Maa,1945,Noorjehan,Zia Sarhadi,K Datta,tt0149773
aramaano.n kii bastii me.n,Shirin Farhaad,1945,Shamshad Begum,Dinanath Madhok,Rashid Attre,
u.D jaavuu.N re mai.n to taaro.n kii duniyaa me.n,Amrapali,1945,Amirbai,Pradeep,Saraswati Devi,tt0037513
jaag ai sonewaale ko_ii jagaane aayaa,Tadbir,1945,Suraiya,Swami Ramanand,Lal Mohammed,tt0214182
jay ho ... vikramaaditya kii jay ho,Vikramaditya,1945,"Amirbai, Male Singer, Chorus",Ramesh Gupta,Shankarrao Vyas,tt0157162
man phuule nahii.n samaaye,Wasiatnama,1945,"Asit Baran, Female Voice?",Zakir Husain,R C Boral,
mai.n to o.Dhuu.N gulaabii chundariyaa,Humayun,1945,Shamshad,Shams Lakhnavi,Ghulam Haider,tt0142385
ai chaa.Nd tuu bataa de mere dil ko kyaa hu_aa hai,Humayun,1945,Rajkumari,Shams Lakhnavi,Ghulam Haider,tt0142385
nain me.n kR^iShN muraarii hai.n man ke bihaarii hai.n,Sanyasi,1945,"Zohra Bai, Male Voice, Chorus",Pt Madhur,Naushad,tt0038052
aa_ii hai tuu to kaise dil apanaa dikhaa_uu.N mai.n,Kurukshetra,1945,Saigal,Jameel Mazhari,Ganpat Rao,tt0381350
chaahe tuu miTaa de ... Gariibo.n kii duniyaa hai tere hawaale,Tadbir,1945,"Saigal, Suraiyaa, Chorus",Swami Ramanand,Lal Mohomed,tt0214182
man se chi.ntaa kii ghaTaa duur ho jaa,Kaise Kahoon,1945,"Zeenat Begum, Others",Moti,Pt Amarnath,
piyaa mere saath rahe.nge aaj kii raat,Amrapali,1945,Amirbai,Pradeep,Saraswati Devi,tt0037513
mai.n kismat kaa maaraa bhagavan,Tadbir,1945,Saigal,Swami Ramanand,Lal Mohomed,tt0214182
Gariibo.n kii duniyaa jahaa.N se niraalii,Ek Din Ka Sultan,1945,Amirbai,Wali Sahab,Rafiq Ghaznavi,tt0243239
kisii tarah se muhabbat me.n chain paa na sake,Badi Maa,1945,Noorjehan,Anjum Pilibhiti,K Datta,tt0149773
mai.n panchhii aazaad meraa kahii.n duur Thikaanaa re,Tadbir,1945,Saigal,Swami Ramanand,Lal Mohomed,tt0214182
tuu aa ga_ii ... dil kii tamannaa jaag uThii,Kurukshetra,1945,Saigal,Jameel Mazhari,Ganpat Rao,tt0381350
is jag se kuchh aas nahii.n,non-Film,1945,Talat,Suresh Chowdhury,Robin Chaterjee,
begam janiyaa.N kii godii bharii,Bhaijan,1945,"Noorjehan / Zeenat Begum, Chorus",Padataau Lakhnavi,Shyamsunder,
aahe.n na bharii.n shikave na kie,Zeenat,1945,"Noorjehan, Zohrabai Ambalewali, Kalyani",Nakshab,Mir Sahib,tt0154026
ambuwaa pe koyal bole,Moorti,1945,Khursheed,Pt Indra,Bulo C Rani,tt0213892
ho chaa.Nd chamakaa andhere me.n aaj hai,Humayun,1945,Shamshad,Pt Madhur,Ghulam Haider,tt0142385
aa_ii aa_ii gha.Dii ye suhaanii,Dil,1946,Noorjehan,Shams Laknavi ?,Zafar Khursheed,
"dil jo diyaa, kahane lage aaj naa",Safar,1946,Naseem Akhtar,G S Nepali,C Ramchandra,
phuulo.n me.n nazar ye kaun aayaa,Hamjoli,1946,Noorjehan,Anjum Philbhiti,Hafiz Khan,
mai.n to karuu.N pyaar piyaa,Safar,1946,Binapani Mukerji,G S Nepali,C Ramchandra,
o praaNii kyaa soche kyaa ho_e,Chehra,1946,Mukesh,Ishwar Chandra Kapoor,M A Mukhtar,tt21835920
hare bhare baaG ke phuulo.n pe riijhaa khaiyyaam,Omar Khaiyyam,1946,Saigal,Dr Safdar 'Aah',Lal Mohomed,
insaan kyo.n rotaa hai insaan,Omar Khaiyyam,1946,Saigal,Dr Safdar 'Aah',Lal Mohomed,
bedard zaraa sun le Gariibo.n kii kahaanii,Omar Khaiyyam,1946,Suraiya,Dr Safdar 'Aah',Lal Mohomed,
allaa huu ... khaiyyaam hai allaa waalaa matawaalaa,Omar Khaiyyam,1946,Saigal,Dr Safdar 'Aah',Lal Mohomed,
do zulmii nainaa.n maar gae,Aai Bahar,1946,S D Batish,D N Madhok,Amarnath,
ai dil\-e\-beqaraar jhuum,Shahjehan,1946,Saigal,Khumar Barabankvi,Naushad,tt0038931
"na_ii dulhan, na_ii dulhan",Dr Kotnis Ki Amar Kahani,1946,Jayashree,Dewan Sharar,Vasant Desai,tt0038491
zindagii zindagii zindagii ko_ii sapanaa nahii.n,Dr Kotnis Ki Amar Kahani,1946,Khan Mastana,Dewan Sharar,Vasant Desai,tt0038491
chit Dole nit Dole subah\-o\-shaam prabhujii,Dr Kotnis Ki Amar Kahani,1946,Jayashree,Dewan Sharar,Vasant Desai,tt0038491
"har din hai nayaa, har raat niraalii hai",Shikari,1946,"Amirbai, Ashok Kumar",G S Nepali,S D Burman,tt0308883
ik tiir jigar pe khaa kar ham na idhar ke rahe na udhar ke rahe,Phool Aur Kante/ Flowers And Thorns,1946,Meena Kapoor,Vishwamitra Adil,Dada Chandekar,
deke mujhe wo dard\-e\-jigar bhuul gaye kyaa,Dil,1946,Noorjehan,Razi-ud-Din Banarsi,Zaffar Khursheed,
terii nazar me.n mai.n rahuu.N merii nazar me.n tuu,Eighteen Fifty Seven/ 1857,1946,"Surendra Nath, Suraiyya",Shewan Rizvi,Sajjad Hussain,
kah ke bhii na aaye tum,Safar,1946,Rafi,G S Nepali,C Ramchandra,
kaa.NTo.n se chhe.Date hai.n mere jigar ke chhaale,Qeemat,1946,Ameerbai,Khumar Barabankvi / Majrooh,Naushad,
"Gam diye mustaqil, itanaa naazuk hai dil, ye na jaanaa",Shahjehan,1946,Saigal,Majrooh,Naushad,tt0038931
ye desh hamaaraa pyaaraa hindustaan jahaa.N se nyaaraa,Hamjoli,1946,Noorjehan,Anjum Philbhiti,Hafiz Khan,
aag lagii dil me.n vo payaarii,Shahjehan,1946,Nasim Akhtar,Majrooh,Naushad,tt0038931
aaye aaye hai.n sapane me.n hamaare wo,Bachchon Kaa Khel,1946,Naseem Akhtar,Mukhram Sharma,C Ramchandra,
ik yaad kisii ki yaad rahii,Shama,1946,"Shamshad, G M Durrani",Ehsan Rizvi,Ghulam Haider,tt0362143
shor na karanaa gulashan me.n,Dil,1946,"Moti, Noorjehan",Shams Lakhnavi,Zafar Khursheed,
aatii hai yaad tumharii,Ghunghat,1946,Nirmala Devi,Ramesh Gupta,Shankarrao Vyas,tt35487694
kyo.n yaad aa rahe hai.n,Anmol Ghadi,1946,Surendra,Tanvir Naqvi,Naushad,tt0038302
chain tumase chain tumase qaraar tumase hai,Panihari/ Bade Log,1946,Surendra Nath,"Pt Indra/ Rammurti, Brajendra Gaud?",S N Tripathi/ Ali Hussain?,
Dol rahii hai naiyaa merii,Shikari,1946,"Ashok Kumar, Paro/ Ashok Kumar",Pradeep,S D Burman,tt0308883
le aa_ii phir kahaa.N par,Salgirah,1946,Noorjehan,Shevan Rizvi,Nashad,tt1623702
chaah bar_baad karegii hame.n,Shahjehan,1946,Saigal,Majrooh,Naushad,tt0038931
paradesii kyuu.N yaad aataa hai,Man Ki Jeet,1946,Sitara Kawnpuri,Josh Malihabadi,S K Pal,
kar liijiye chalakar mere jannat ke nazaare,Shahjehan,1946,Saigal,Majrooh,Naushad,tt0038931
sapano.n me.n aane waale galiyo.n me.n aa jaa ek baar,Hum Ek Hain,1946,Zohra Bai,P L Santoshi,Husnalal-Bhagatram,tt0269343
Gam\-e\-aashiyaanaa sataa_egaa kab tak,Eighteen Fifty Seven/ 1857,1946,Suraiyya,Mohan Singh,Sajjad,
ummiido.n kaa taaraa qisamat se,Eighteen Fifty Seven/ 1857,1946,Suraiya,Anjum Pilibhiti,Sajjad,
kisii se merii priit lagii ab kyaa karuu.N,Eight Days/ Aath Din/ 8 Days/ 8 Din,1946,Meena Kapoor,G S Nepali,S D Burman,tt0331237
sun le tuu merii iltijaa,Nek Parvin,1946,Zeenat Begum,Wahid Qureshi,Firoz Bizami,
jab dil hii TuuT gayaa,Shahjehan,1946,Saigal,Majrooh,Naushad,tt0038931
man letaa hai a.nga.Daaii,Anmol Ghadi,1946,Suraiyya,Tanvir Naqvi,Naushad,tt0038302
nazare.n bataa rahii hai.n,Zameen Aasmaan,1946,Kalyani Mitra,Faiyyaz Hashmi,Kamal Dasgupta,
aaii diwaalii diipo.n vaalii gaaye sakhiyaa.N,Maharana Pratap,1946,"Khursheed, Chorus",Swami Ramanand,Ram Ganguly,
duniyaa ne hame.n do din rahane na diyaa mil ke,Shikari,1946,Ameerbai,G S Nepali,S D Burman,tt0308883
tere binaa suunii suunii hai merii phulawaarii re,Shikari,1946,Paro,Pradeep,S D Burman,tt0308883
"ho tujhape salaam, ai mere naakaam\-e\-mohabbat",Sohni Mahiwal,1946,"Zohrabai, G M Durrani",Munshi Dil,Lal Mohammad,tt0230801
sochaa thaa kyaa kyaa ho gayaa,Anmol Ghadi,1946,Suraiyya,Tanvir Naqvi,Naushad,tt0038302
merii miTTii kii duniyaa niraalii,Sham Savera,1946,Rafiq Ghaznavi/ S D Batish,"D N Madhok, Nazim Panipati",Pt Amarnath,
jawaanii ke daaman ko ra.ngii.n banaa le,Shahjehan,1946,Shamshad,Majrooh,Naushad,tt0038931
merii aa_ii hai.n tiin bhaabhiyaa.N,Hum Ek Hain,1946,"Zohra Bai, Amir Bai, Chorus",P L Santoshi,Husnalal-Bhagatram,tt0269343
bhuule se kabhii yaad kar,Ek Roz,1947,Naseem Akhtar,Sarshar Sailani,Shyamsunder,
ho o kyaa yahii teraa pyaar thaa,Mirza Sahiban,1947,Noorjehan,Qamar Jalalabadi,"Pt Amarnath, Husnlal-Bhagatram",tt0151586
khaayegii Thokare.n ye jawaanii kahaa.N\-kahaa.N,Mirza Sahiban,1947,G M Durrani,Qamar Jalalabadi,"Pt Amarnath, Husnlal-Bhagatram",tt0151586
bhuul jaate hai.n bhuul jaayaa kare.n,Neelkamal,1947,Rajkumari,Kidar Sharma,Snehal Bhatkar,
ye kaun chalaa ... merii aa.Nkho.n me.n samaa kar,Dard,1947,Uma Devi,Shakeel,Naushad,tt0231427
kaliyo.n ko masalane aae hai.n,Aaj Aur Kal/Today or Tomorrow,1947,Naseem Akhtar,Sohan Lal Sahir and Zahir Kashmiri,Khursheed Anwar,
na ho ko_ii jahaa.N chale.n ham\-tum wahaa.N,Natak,1947,"Suraiya, Amar",Khumar Barabankvi,Naushad,
ko_ii roke use aur ye kah de kuchh apanii nishaanii detaa jaa,Sindoor,1947,Ameerbai,Qamar Jalalabadi,Khemchand Prakash,
paa laaguu.N kar jorii re,Aapki Sewa Mein,1947,Lata,Mahipal,Datta Davjekar,
balamaa paTavaarii ho gaye,Pagdandi,1947,Munawwar Sultana?,D N Madhok,Khurshid Anwar,
aa.Nkh ke paanii aa.Nkh me.n rah,Pagdandi,1947,Munawwar Sultana,D N Madhok,Khurshid Anwar,
aa.Nkh ke paanii aa.Nkh me.n rah,Pagadandi,1947,Munawwar Sultana,D N Madhok,Khurshid Anwar,
aa jaa balamaa rain a.ndherii Dar laage,Parwana,1947,Suraiya,D N Madhok,Khurshid Anwar,tt0246845
kisii ke madhur pyaar me.n,Sindoor,1947,"Naseem Akhtar, Sushil Sahu",Neelkanth Tiwari,Khemchand Prakash,
o duniyaa banaane waale kyaa yahii hai duniyaa terii,Sindoor,1947,Ameerbai,Qamar Jalalabadi,Khemchand Prakash,
"jhuulanaa Dalaa de, more saiyaa.N ko bulaa de, o nanad jii",Pagdandi,1947,"Zeenat Begum?, Munnawar Sultana?, Dilshad?",D N Madhok,Khurshid Anwar,
piyaa milane navelii nadii jaa_e re,Jail Yatra/ Pilgrimage to Prison,1947,Raj Kapoor,Rammoorti Chaturvedi,Neenu Majumdar,
man bhuulii kathaa_e.n yaad na kar,Doosri Shaadi,1947,Shamshad,I C Kapoor,Pt. Govindram,
nazar niichii kiye ham aa rahe hai.n,Giribala,1947,"Hemant Kumar, Kalyani Das",Pt Madhur,Kamal Dasgupta,
aaj mohe saajan ghar jaanaa,Manjhdhar/ Lost in Mid-Stream,1947,Khursheed,Shams Lakhnavi,Ghulam Haider,
is desh ke jawaano.n ko ab aazamaayaa jaayegaa,Farz,1947,Zeenat Begum,Zahir Kashmiri,K S Saagar,
duniyaa pyaarii\-pyaarii re na_ii niraalii duniyaa pyaarii\-pyaarii re,Age Badho,1947,Khursheed,Amar Varma,Sudhir Phadke,
taqadiir me.n likhaa hai merii Thokare.n khaanaa bedard zamaanaa,Age Badho,1947,Khursheed,Amar Varma,Sudhir Phadke,
mai.n haarii prabhu jii aa_ii sharan tihaarii,Age Badho,1947,Khursheed,Amar Varma,Sudhir Phadke,
saawan kii ghaTaa_o dhiire\-dhiire aanaa,Age Badho,1947,"Khursheed, Manna Dey",Amar Varma,Sudhir Phadke,
mai.n terii tuu meraa dono.n kaa sa.ng sa.ng ho baseraa,Aapki Sewa Mein,1947,"Mohantara Talpade, Rafi",Mahipal,Datta Davjekar,
sochataa kyaa hai sudarshan ke chalaanevaale,Neel Kamal,1947,"Mukesh, Hamida",Kidar Sharma,B Vasudev,tt0039654
ye afasaanaa nahii.n zaalim mere dil kii haqiiqat hai,Dard,1947,Shamshad,Shakeel,Naushad,tt0231427
mere mu.nDere naa bol,Parwana,1947,Suraiyya,D N Madhok,Khurshid Anwar,tt0246845
pa.De ishq me.n jaan ke hamako laale,Aaj Aur Kal/Today or Tomorrow,1947,Zeenat Begum?,"Sohan Lal Sahir?, Zahir Kashmiri?",Khurshid Anwar,
TuuT gaye sab sapane mere,Parwaana,1947,Saigal,D N Madhok,Khurshid Anwar,
"jab tum hii nahii.n apane, duniyaa hii begaanii hai",Parwaana,1947,Suraiyya,D N Madhok,Khurshid Anwar,
saiyaa.N ne u.ngalii marorii re,Parwana,1947,Rajkumari,D N Madhok,Khurshid Anwar,tt0246845
muhabbat me.n kabhii aisii bhii,Parwaana,1947,Saigal,D N Madhok,Khurshid Anwar,
ambuvaa pe gaa_e koyaliyaa gaane,Pagdandi,1947,Zeenat Begum?,D N Madhok,Khurshid Anwar,
paapii papiihaa re,Parwaana,1947,Suraiyya,D N Madhok,Khurshid Anwar,
rut ra.ngiilii aa_ii,Mirza Saheban,1947,"Noorjehan, Zohrabai, Shamshad Begum & Chorus",Qamar Jalalabadi,"Pt Amarnath, Husnalal & Bhagatram",
o ruuThe huye bhagawaan tumako kaise manaa_uu.N,Sindoor,1947,Amirbai,Qamar Jalalabadi,Khemchand Prakash,
aa jaa tujhe afasaanaa,Mirza Sahibaan,1947,Noorjehan,Qamar Jalalabadi,"Pt.Amarnath, Husnlal-Bhagatram",
haay re u.D\-u.D jaaye meraa reshamii dupaTTawaa,Mirza Sahiban,1947,"Noorjehan, Zohra, Shamshad, Chorus",Qamar Jalalabadi,"Pt Amarnath, Husnlal-Bhagatram",tt0151586
jab se chale gaye hai.n wo zi.ndagii zi.ndagii nahii.n,Natak,1947,Suraiya,Khumar Barabankvi,Naushad,
apanaa jinhe.n banaayaa Thukaraa ke wo sidhaare,Natak,1947,Suraiya,Khumar Barabankvi,Naushad,
dil le ke chale to nahii.n jaa_oge,Natak,1947,Suraiya,Khumar Barabankvi,Naushad,
yaad karoge yaad karoge ik din ham ko yaad karoge,Do Bhai,1947,Geeta,Raja Mehdi Ali Khan,S D Burman,tt0039327
ajii aavo mohabbat kii khaa le.n qasam,Shehnai,1947,"Ameerbai, Chitalkar",P L Santoshi,C Ramchandra,tt0269853
o duniyaa ke rahane vaalo bolo kahaa.N gayaa chitachor,Dil Ki Rani,1947,Raj Kapoor 'Madhav',Yashodanandan Joshi,S D Burman,tt0039322
vo apanii yaad dilaane ko,Jugnu,1947,"Rafi, chorus",Azir Sarhadi,Firoz Nizami,tt0151156
muhabbat kar ... javaanii hai,Tohfa,1947,"Mukesh, Hameeda",Nazeer Haiderabadi,M A Rauf (Usmania),
jiyaa bhar aayaa moraa nain bhar aaye,Dak Bangla,1947,Suraiya,D N Madhok,Naresh Bhattacharya,
puravaa_ii pavan laharaa_e,Tum Aur Main,1947,"Talat, Suprova Sarkar",Zakir Hussain,Robin Chatterjee,
ik dil ke Tuka.De hazaar hu_e ko_ii yahaa.N giraa,Pyar Ki Jeet,1948,Rafi,Qamar Jalalabadi,Husnlal Bhagatram,tt0215091
ko_ii duniyaa me.n hamaarii tarah bar_baad na ho,Pyar Ki Jeet,1948,Suraiyya,Qamar Jalalabadi,Husnlal-Bhagatram,tt0215091
more raaja ho le chal nadiyaa ke paar,Nadiya Ke Paar,1948,"Lalita Dewoolkar, Rafi",Moti,C Ramchandra,tt0268480
ye kaun aayaa re karake ye solaa si.ngaar,Ziddi,1948,"Lata, Kishore",Prem Dhawan,Khemchand Prakash,tt0235094
ab yaad na kar bhuul jaa ai dil vo fasaanaa,Anokha Pyaar,1948,"Mukesh, Lata",Shams Azimabadi,Anil Biswas,
aao chale.n manavaa more duur kahii.n re,Amar Prem,1948,"Rajkumari, Rafi",Mohan Mishra,Datta Thaakar,tt0040091
itane duur hai.n huzuur kaise mulaakaat ho,Pyar Ki Jeet,1948,Surinder Kaur,Qamar Jalalabadi,Husnlal-Bhagatram,tt0215091
rut rangiilii hai suhaanii raat hai,Pyar Ki Jeet,1948,"Surinder Kaur, Meena Kapoor, Suraiya",Qamar Jalalabadi,"Husnlal, Bhagatram",tt0215091
o duur jaane vaale,Pyaar Ki Jeet,1948,Suraiyya,Qamar Jalalabadi,Husnlal-Bhagatram,
ai dil merii aaho.n me.n itanaa to asar aa_e,Actress,1948,Rafi,Nakshab,Shyam Sundar,tt0247151
bachapan kii yaad dhiire dhiire,Shaheed,1948,Lalita Dewoolkar,Raja Mehdi Ali Khan,Ghulam Haider,tt0141819
yaad rakhanaa chaa.Nd taaro.n,Anokha Pyaar,1948,Lata / Mukesh,Zia Sarhadi,Anil Biswas,
naa naa naa tum hamape ha.Nso naa piyaa,Mera Munna,1948,"Mukesh, Lalita Deoolkar",Qamar Jalalabadi,C Ramchandra,
mai.n to naachuu chhamaa chham naach re,Andhon Ka Sahara,1948,Miss Lata (not Mangeshkar),Kesharinath Vaidya,Shridhar Parsekar,
ghar yahaa.N basaane aa_e the,Gajre,1948,Lata,G S Nepali,Anil Biswas,
ai dil merii vafaa me.n koii asar nahii.n hai,Anokha Pyaar,1948,"Lata, Ira Nagrath/Meena Kapoor, Ira Nagrath",Shams Azimabadi,Anil Biswas,
mere liye vo Gam-e-i.ntazaar chho.D gaye,Anokha Pyaar,1948,Lata / Meena Kapoor,Behzad Lucknowi,Anil Biswas,
man mor huaa matavaalaa,Afsar,1948,Suraiyya,Pt. Narendra Sharma,S D Burman,tt0042184
ko_ii din zindagii ke gunagunaa kar hii bitaataa hai,Gunjan,1948,Mukesh,Saraswati Kumar 'Deepak',Ashok Ghosh,
dil ko tumhaarii yaad ne aa kar hilaa diyaa,Meri Kahani,1948,Surendra Nath,Anjum Pilibhiti,K Datta,
mai.n bha.Nvaraa tuu hai phuul ye din mat bhuul,Mela,1948,"Mukesh, Shamshad",Shakeel,Naushad,tt0137947
jhuum rahii jhuum rahii Kushiyo.n kii naav aaj,Vidya,1948,Suraiya,Y N Joshi,S D Burman,tt0274196
kinaare\-kinaare chale jaaye.nge,Vidya,1948,Suraiya,Y N Joshi,S D Burman,tt0274196
jaanewaale zaraa duniyaa kaa chalan dekhataa jaa,Rang Mahal,1948,Suraiya,Pt Shivkumar,K Dutta/ B A Balsara,
bedard tere dard ko siine se lagaa ke,Padmini,1948,Lata,Wali Saheb,Gulam Haidar,
har shai pe jaawaanii hai,Majboor,1948,"Geeta, Lata",Nazim Panipati,Ghulam Haider,tt0302748
badanaam na ho jaaye muhabbat kaa fasaanaa,Shaheed,1948,Surinder,Qamar Jalalabadi,Ghulam Haider,tt0141819
kyaa ummiid kare.n ham unase jinako wafaa maaluum nahii.n,(Non-Film),1948,C H Atma,Zafar Gorakhpuri,C K Chauhan,
ai dil tujh hii ko nii.nd na aayii tamaam raat,Shehnaaz,1948,Rafi,Akhtar Pilibhiti,Ameerbai Karnataki,
jiivan sapanaa TuuT gayaa,Anokha Pyaar,1948,Lata,Zia Sarhadi,Anil Biswas,
gha.Dii gha.Dii puuchho naa jii,Anokha Pyaar,1948,Lata,G S Nepali,Anil Biswas,
mere phuulo.n me.n chhipii hai javaanii,Anokha Pyaar,1948,Lata,Behzad Lucknowi,Anil Biswas,
bholaa bhaalaa rii moraa balamaa na jaane,Anokha Pyaar,1948,Lata / Meena Kapoor,Zia Sarhadi,Anil Biswas,
ik dil kaa lagaanaa baaqii thaa,Anokha Pyaar,1948,Lata,Zia Sarhadi,Anil Biswas,
saperaa biin bajaayo re,Padmini,1948,"Geeta, Ashok Kumar",Wali Saheb,Ghulam Haider,
bahe na kabhii nain se niir,Vidya,1948,Mukesh,Yashodanand Joshi,S D Burman,tt0274196
##boot polish## karawaa le baabuu,Ghar Ki Izzat,1948,Meena Kapoor,I C Kapoor,Pt Gobindram,tt0040387
"tere naino.n ne chorii kiyaa, moraa chhoTaa saa jiyaa",Pyaar Ki Jeet,1948,Suraiyya,Rajinder Krishan,Husnlal-Bhagatram,
merii muniyaa kii a.Nkhiya.n me.n,Vidya,1948,Amirbai,Yashodanandan Joshi,S D Burman,tt0274196
"jiivan jyoti bujhatii jaaye, tujh bin kaun jagaaye",Vidya,1948,Amirbai,Yashodanandan Joshi,S D Burman,tt0274196
baras baras badalii bhii bikhar ga_ii,Gajre,1948,Lata,G S Nepali,Anil Biswas,
taqadiir banii ban kar biga.Dii,Mela,1948,Shamshad,Shakeel,Naushad,tt0137947
jhan\-jhan jhanan\-jhanan baaje dil kaa sitaar,Shakti,1948,Suraiya,Asad Jafry,Ram Prasad/ Aazam Beg,tt39582682
ham ko tumhaaraa hii aasaraa,Saajan,1948,"Rafi, Lalita Dewoolkar / Rafi",Moti,C Ramchandra,
kaalii ghaTaa_e.N hai.n ThaNDii havaa_e.N hai.n,Chand Sitare,1948,Mukesh,Ishwar Chandra Kapoor,Premnath,
jaaduu kar gaye kisii ke nainaa,Ziddi,1948,Lata,Prem Dhawan,Khemchand Prakash,tt0235094
nazar mil ga_ii jaane kis kii nazar se,Anokhi Ada,1948,Shamshad,Shakeel,Naushad,tt0231156
rab mere araj sun merii,Aag,1948,"Mukesh, Shailesh",Saraswati Kumar 'Deepak',Ram Ganguli,tt0040067
kahii.n kaa diipak kahii.n kii baatii ... dekh chaa.Nd kii or,Aag,1948,"Shailesh, Shamshad",Saraswati Kumar 'Deepak',Ram Ganguli,tt0040067
kyuu.N pherii nazar dekho to idhar,Anokhi Ada,1948,Mukesh,Anjum Pillibhiti,Naushad,tt0231156
ye hai duniyaa kaa baazaar,Bazaar,1949,Rafi,Qamar Jalalabadi,Shyamsunder,tt0213868
ai bhuulane waale tujhe ye kaun bataaye,Singaar,1949,Suraiya,Nakshab,Khurshid Anwar,tt0141826
ham kisako sunaaye.n haal ye duniyaa paise kii,Shabnam,1949,Lalita Deolikar,Qamar Jalalabadi,S D Burman,
wo din kidhar gaye kaho wo din kidhar gaye,Singaar,1949,Suraiya,Shakeel,Khurshid Anwar,tt0141826
ye qaafilaa hai pyaar kaa chalataa hii jaa_egaa,Lekh,1949,"Mukesh, Asha",Qamar Jalalabadi,Krishan Dayal,
yaad aa rahaa hai dil ko bhuulaa hu_aa zamaanaa,Amar Kahani/ ( Kanchan 1955),1949,Suraiya,Rajinder Krishan,Husnlal-Bhagatram,
zaraa sun lo ham apane pyaar kaa afasaanaa kahate hai.n,Baazaar,1949,"Lata, Rajkumari, ???",Qamar Jalalabadi,Shyamsunder,
uma.ngo.n par jawaanii chhaa ga_ii ab to chale aavo,Amar Kahani/ ( Kanchan 1955),1949,Suraiya,Rajinder Krishan,Husnlal-Bhagatram,
ik bewafaa kii yaad ne ta.Dapaa ke maar Daalaa,Char Din,1949,Suraiyya,Shakeel,Shyamsunder,tt0267367
basaa lo apanii nigaaho.n,Bazar,1949,Lata,Qamar Jalalabadi,Shyam Sunder,tt0154209
o jaanevaale chaa.Nd zaraa muskuraake jaa,Bazaar,1949,Rafi,Qamar Jalalabadi,Shyamsunder,tt0213868
saajan kii galiyaa.N chho.D chale,Bazaar,1949,Lata,Qamar Jalalabadi,Shyamsunder,tt0213868
nayaa naino.n me.n ra.ng na_ii uThii uma.ng,Singaar,1949,Suraiya,D N Madhok,Khurshid Anwar,tt0141826
kaun samajhegaa ... dil aane ke Dhang niraale hai.n,Singaar,1949,Surinder Kaur,Nakhshab,Khurshid Anwar,tt0141826
dharak\-dharak tere bin meraa jiyaraa,Singaar,1949,"Suraiya, Chorus",D N Madhok,Khurshid Anwar,tt0141826
muhabbat par bahaar aatii,Shayar,1949,Lata,Shakeel,Ghulam Mohammad,
ye duniyaa ruup kii chor bachaa le mujhe baabuu,Shabnam,1949,Shamshad,Qamar Jalalabadi,S D Burman,
rut hai suhaanii baadal chhaa_e re,Thes,1949,Mukesh,Kidar Sharma,Snehal Bhatkar,
mere sipahiyaa hamaarii galii a_iyo,Sipahiya,1949,"Chitalkar, Shamshad",Raj Kunwar,C Ramchandra,
Kushiyo.n kaa zamaanaa biit gayaa,Amar Kahani/ ( Kanchan 1955),1949,Suraiya,Rajinder Krishan,Husnlal-Bhagatram,
ik baar tuu ban jaa meraa,Shabnam,1949,Shamshad,Qamar Jalalabadi,S D Burman,
chaahate ho gar ... aa.Nkhe.n la.Daanaa chho.D do,Sipahiya,1949,Chitalkar,Ram Murty Chaturvedi,C Ramchandra,
ye raat phir na aayegii,Mahal,1949,"Rajkumari, Zohrabai Ambalewali",Nakshab,Khemchand Prakash,tt0041619
haaye ye mai.nne kyaa kiyaa,Samapti,1949,Talat Mahmood,Pandit Bhushan,Timir Baran,
vo paas rahe.n yaa duur rahe.n,Badi Behan,1949,Suraiyya,Qamar Jalalabadi,Husnlal-Bhagatram,
dil kaa qaraar luT chukaa,Lekh,1949,Suraiyya,Qamar Jalalabadi,Krishan Dayal,
raakhii kaa aayaa tyohaar sakhii,Rakhi,1949,Shamshad,Sarshar Sailani,Husnlal Bhagatram,tt0232513
baabul kaa ghar chho.D ke gorii,Rakhi,1949,Chorus,Sarshar Sailani,Husnlal-Bhagatram,tt0232513
prem\-nagar me.n basane waalo,Barsaat,1949,Lata,Hasrat,Shankar-Jaikishan,tt0041161
ai aa.Nkh ab naa ronaa ronaa to umr bhar hai,Sipahiya,1949,"Lata, Chitalkar",Rammurti Chaturvedi,C Ramchandra,
o o o o mujhe kisii se pyaar ho gayaa,Barsaat,1949,Lata,Hasrat,Shankar-Jaikishan,tt0041161
pyaar me.n tumane dhokhaa siikhaa,Shabnam,1949,"Mukesh, Shamshad",Qamar Jalalabadi,S D Burman,
meraa dil ta.Dapaa kar kahaa.N chalaa,Shabnam,1949,Geeta,Qamar Jalalabadi,S D Burman,
tuu ne jahaa.N banaa kar ehsaan kayaa kiyaa hai,Maa Ka Pyar,1949,Lata,I C Kapoor,Govind Ram,
Da.nke kii choT par kahataa huu.N mai.n,Girls School,1949,"Shamshad, Chitalkar",Pradeep,C Ramchandra,tt0042507
pyaar me.n do dil mile aur duur ho kar rah gaye,Balam,1949,Suraiya,Qamar Jalalabadi,Husnlal-Bhagatram,tt0380207
siine me.n aag bha.Dakatii hai ... ai ishq hame.n barabaad na kar,Naach,1949,"Suraiya, Rafi",Sarshar Sailani,Husnlal-Bhagatram,
bichha.De hu_e paradesii ik baar to aanaa tuu,Barsaat,1949,Lata,Hasrat,Shankar Jaikishan,tt0041161
diiwaalii kii raat piyaa ghar aane waale hai.n,Amar Kahani,1949,Suraiyya,Rajinder Krishan,Husnlal-Bhagatram,tt0038491
Thukaraa ke hame.n chal di_e begaanaa samajh kar,Balam,1949,Rafi,Qamar Jalalabadi,Husnlal Bhagatram,tt0380207
aataa hai zi.ndagii me.n bhalaa pyaar kis tarah,Balam,1949,"Suraiya, Rafi",Qamar Jalalabadi,Husnlal-Bhagatram,tt0380207
chaahe kitanii kaThin Dagar ho,Jeet,1949,"Suraiya, Shankar Dasgupta",Prem Dhawan,Anil Biswas,tt0273294
dil do naino.n me.n ... buraa hu_aa yaa bhalaa hu_aa,Sunehre Din,1949,"Mukesh, Surindar Kaur",Deena Nath Madhok,Gyan Dutt,
chaar dino.n kii chaa.Ndanii hai phir a.Ndhiyaarii raat,Girls School,1949,"Shankar Dasgupta, Lata",Pradeep,Anil Biswas,tt0042507
ra.ngiin gagan piichhe chhutaa,Uddhar,1949,Lata,Narendra Sharma,Vasant Desai,
do bichha.De hue dil,Shayar,1949,"Lata, G M Durrani",Shakeel,Ghulam Mohammad,
patajha.D ke gaye din biit basa.ntii phuul khile,Uddhar,1949,"Lata, Chorus",Narendra Sharma,Vasant Desai,
aa.Nkhe.n kah ga_ii.n dil kii baat,Ladli,1949,S D Batish,Safdar 'Aah',Anil Biswas,
duniyaa hamaare pyaar kii yuu.N hii javaa.N rahe,Lahore,1949,"Lata,Karan Divan",Rajinder Krishan,Shyamsunder,tt0354691
"aa ga_ii bahaar, aa ga_ii",Nai Taleem,1949,Lata,S R Chopda,Vasant Desai,
kisane ye kisane ye kisane chhe.De taar,Hamari Beti,1950,"Geeta, Mukesh",Randhir,Snehal Bhatkar,tt0269300
mausam\-e\-bahaar yaar ... yaar va_i va_i,Sargam,1950,"Lata, Chitalkar, Chorus",P L Santoshi,C Ramchandra,tt0269826
duniyaa hai barabaad dil kii ... miinaa baazaar,Meena Bazar,1950,"Rafi, Lata",Qamar Jalalabadi,Husnlal Bhagatram,
paas aake hu_e ham duur yahii thaa qismat ko,Meena Bazar,1950,"Rafi, Lata",Qamar Jalalabadi,Husnlal Bhagatram,
are dene vaale yah kyaa ... gariibo.n kii qismat me.n,Meena Bazar,1950,Rafi,Qamar Jalalabadi,Husnlal Bhagatram,
ghir ghir ke aasamaa.N par,Bawre Nain,1950,"Rajkumari, Asha",Kedar Sharma,Roshan,tt0042233
gun gun gun gun bole re bha.nwar sun sun sun kyaa laayaa Kabar,Afsar,1950,Suraiyya,Pt Narendra Sharma,S D Burman,tt0042184
o maahii o dupaTTaa meraa de\-de,Meena Bazar,1950,"Rafi, Lata",Qamar Jalalabadi,Husnlal Bhagatram,
kaise ye qaayade hai.n zamaane me.n pyaar ke,Nili,1950,Suraiya,Surjeet Sethi,S Mohinder,tt0256230
kyuu.N shiqavaa kare.n kyuu.N aah bhare.n,Pagle,1950,"Jagirdar, Agha, Sherry",Anjum Rahmani,Snehal Bhatkar,
luT ga_e ho pyaar me.n tere luT ga_e ho,Chhoti Bhabhi,1950,Rafi,Qamar Jalalabadi,Husnlal Bhagatram,
meraa bholaa saa balamaa re,Khamosh Sipahi,1950,"Rajkumari, Lalita Deulkar",D N Madhok,Khurshid Anwar,
"tuu tuu tuu ghar aajaa, balamawaa re paradesiyaa",Nishana,1950,Geeta Roy,Nakhshab,Khurshid Anwar,
hame.n maar chalaa ye Kyaal ye Gam na idhar ke rahe na udhar ke rahe,Arzoo,1950,Anil Biswas,Majrooh,Anil Biswas,tt0042207
jaate ho to jaao ham bhii yahaa.N vaado.n ke sahaare jii le.nge,Khel,1950,Lata,Sagar Nizami,Sajjad,tt3840026
haay ye judaa_ii kii choT burii hai,Nili,1950,Suraiya,Surjeet Sethi,S Mohinder,tt0256230
priit lagaa ke maine ye phal paayaa,Ankhen,1950,Mukesh,Raja Mehdi Ali Khan,Madan Mohan,
zamaane kaa dastuur hai ye puraana,Lajawab,1950,"Lata, Mukesh",Prem Dhawan,Anil Biswas,tt0151287
hame.n ab ye jiinaa gawaaraa nahii.n hai,Khel,1950,G M Durrani,Bahzad Lakhnavi,Sajjad,tt3840026
ta ra rii aa ra rii aa ra rii ... ye saawan rut tum aur ham ta ra ra ra ram,Dastaan,1950,"Rafi, Suraiya",Shakeel,Naushad,tt30218627
aayii bahaar aayii aayii bahaar,Arzoo,1950,"Lata, chorus",Prem Dhawan,Anil Biswas,tt0042207
vo sapanevaalii raat,Pyaar,1950,Geeta,Majrooh,S D Burman,tt0378614
paradesii re jaate\-jaate jiyaa moraa liye jaa,Afsar,1950,Suraiyya,Narendra Sharma,S D Burman,tt0042184
nain diivaane ik nahii.n maane,Afsar,1950,Suraiyya,Pt. Narendra Sharma,S D Burman,tt0042184
dil ko ta.Dapanaa ... o dene waale ye kyaa diyaa,Kamal Ke Phool,1950,Suraiya,Rajinder Krishan,Shyamsunder,tt0231860
na sochaa thaa ye dil lagaane ke pahale,Babul,1950,Shamshad,Shakeel,Naushad,tt0331186
sazaa milii hai kisii se ye dil lagaane kii,Kamal Ke Phool,1950,Suraiyya,Rajinder Krishan,Shyamsunder,tt0231860
naam teraa hai zabaa.N par yaad terii dil me.n hai,Dastaan,1950,Suraiya,Shakeel,Naushad,tt30218627
husn vaalo.n ko na dil do ye miTaa dete hai.n,Babul,1950,Talat,Shakeel,Naushad,tt0331186
lo chal di_e vo hamako tasallii di_e baGair,Gulnar,1950,Noorjehan,Qatil Shifai,Ghulam Haider,
jab tum the hamaare aur ham the tumhaare,Mashal,1950,Arun Kumar,Pradeep,S D Burman,
ai dil ai diivaane,Baaz,1950,Geeta,Majrooh,O P Nayyar,tt0043307
kyo.n mere dil me.n dard basaayaa javaab do,Bawre Nain,1950,Rajkumari,Kedar Sharma,Roshan,tt0042233
mujhe sach sach bataa do,Bawre Nain,1950,"Rajkumari, Mukesh",Kedar Sharma,Roshan,tt0042233
muhabbat ke maaro.n kaa,Bawre Nain,1950,"Rafi, Asha",Kedar Sharma,Roshan,tt0042233
Dagamag Dagamag Dole naiyaa,Jogan,1950,Geeta,Kedar Sharma,Bulo C Rani,tt0141441
"mere ruuThe hue balamaa, ajii ruuThe hue chandaa",Bawre Nain,1950,Rajkumari,Kedar Sharma,Roshan,tt0042233
"terii duniyaa me.n dil lagataa nahii.n, vaapas bulaa le",Bawre Nain,1950,Mukesh,Kedar Sharma,Roshan,tt0042233
tasviir\-e\-yaar dil se ... ko_ii kisii kaa diiwaanaa naa bane,Sargam,1950,Lata,P L Santoshi,C Ramchandra,tt0269826
jahaa.N me.n jinakii qismat ... bahut puradard hai,Birha Ki Raat,1950,Rafi,Sarshar Sailani,Husnlal Bhagatram,tt0230040
ban ke suhaagan rahii abhaagan,Aadhi Raat,1950,Lata,Sarshar Sailani,Husnlal-Bhagatram,
uupar gagan vishaal,Mashaal,1950,"Manna De, chorus",Pradeep,S D Burman,
"vo ham se chup hai.n ham un se chup hai.n manaane vAle, manaa rahe.n hai.n",Sargam,1950,"Chitalkar, Lata",P L Santoshi,C Ramchandra,tt0269826
kaTiile tore nainaa,Nishana,1950,Shamshad,Nakhshab,Khurshid Anwar,
kaisii muralii bajaa_ii shaam ne,Nishana,1950,Geeta Roy,Nakhshab,Khurshid Anwar,
taaro.n se ab chaa.Nd kii kuchh baat ho ga_ii,Pagle,1950,"Rajkumari, Talat Mahmood",Anjum Rahmani,Snehal Bhatkar,
"are buu.Dhaa hai gho.Daa, laal hai lagaam",Sargam,1950,"Lata, Chitalkar",P L Santoshi,C Ramchandra,tt0269826
dard\-e\-judaa_ii hai Gam kii ghaTaa chhaa_ii hai,Chhoti Bhabhi,1950,Lata,Qamar Jalalabadi,Husnlal-Bhagatram,
dil hii to hai ta.Dap gayaa,Aadhi Raat,1950,Lata,Qamar Jalalabadi,Husnlal-Bhagatram,
na thamate hai.n aa.Nsuu na rukate hai.n naale,Meena Bazar,1950,Rafi,D N Madhok,Husnlal Bhagatram,
hotaa rahaa yuu.Nhii agar a.njaam vafaa kaa,Malhaar,1951,Mukesh,Indeevar,Roshan,
ye sansaar priit bharaa sansaar sa.ngiit bharaa sansaar,Sansaar,1951,Talat,Pt Indra,"M D Parthasarathi, Emani Shankara Shastry, B.S Kalla",
ik baar agar tuu kah de,Malhaar,1951,"Mukesh, Lata",Indeevar,Roshan,
ye aa.Nsuu Kushii ke aa.Nsuu hai.n,Ek Nazar,1951,Talat Mahmood,Rajinder Krishan,S D Burman,tt0214664
chhoTii sii ye zi.ndagaanii re,Aah,1951,Mukesh,Shailendra,Shankar-Jaikishan,tt0045467
ba.De armaano.n se rakhaa hai balam terii kasam,Malhaar,1951,"Mukesh, Lata",Indeevar,Roshan,
taaraa TuuTe duniyaa dekhe dekhaa na kisiine dil TuuT gayaa,Malhaar,1951,Mukesh,Indeevar,Roshan,
ham hai.n tere diivaane gar tuu buraa na maane,Shabistan,1951,"Talat, Geeta, Chitalkar",Qamar Jalalabadi,C Ramchandra,
ye zindagii hai yo\-yo,Aaraam,1951,"Manmohan Krishna, Chorus",Rajinder Krishan,Anil Biswas,
diivaanaa ye paravaanaa shammaa pe aayaa,Albela,1951,"Lata, Chitalkar, Chorus",Rajinder Krishan,C Ramchandra,tt0137349
dil ye kyaa chiiz hai,Baazi,1951,Kishore,Sahir,S D Burman,tt0043307
unase pyaar ho gayaa,Baadal,1951,Lata,Shailendra,Shankar Jaikishan,
jiyaa lahar lahar laharaaye ke man lalachaaye,Sansaar,1951,Lata,Pt Indra,M D Parthsarthi,
jabase balam ghar aa_e,Aawaaraa,1951,Lata,Hasrat,Shankar Jaikishan,
ab kahaa.N jaae.N ki apanaa meharabaa.N koii nahii.n,Pyaar Ki Baaten,1951,Lata,Khawar Jaman,Khaiyyam,
ye kisakii yaad aa ga_ii ... teraa i.ntazaar hai,Raajput,1951,Suraiya,Anjum Jaipuri,Hansraj Behl,
ek bevafaa se pyaar kiyaa,Awara,1951,Lata,Hasrat,Shankar-Jaikishan,tt0043306
o anamol pyaar bin mol bike,Baadal,1951,Lata,Shailendra,Shankar Jaikishan,
o paradesiyaa ... pyaar kii bahaar leke ... aajaa re,Bahaar,1951,Shamshad,Rajinder Krishan,S D Burman,
ai zi.ndagii ke raahii himmat na haar jaanaa,Bahaar,1951,Talat,Rajinder Krishan,S D Burman,
nasiib dar pe tere aazamaane aayaa huu.N,Deedaar,1951,Rafi,Shakeel,Naushad,
yaad aa_ii hai bekasii chhaa_ii hai,Nageenaa,1951,Lata,Hasrat,Shankar Jaikishan,
chorii chorii aag sii dil me.n lagaa kar chal die,Dholak,1951,Sulochana Kadam,Shyamlal Shams,Shyamsundar,tt2396447
ai chaa.Nd pyaar meraa tujhase ye kah rahaa hai,Khazana,1951,Lata,Rajinder Krishan,C Ramchandra,tt0134763
meraa dil to.Dakar jaanewaale,Sanam,1951,Suraiya,Qamar Jalalabadi,Husnlal-Bhagatram,tt0139583
aayii barakhaa bahaar pa.De buu.Ndan phuhaar,Shokhiyan,1951,"Lata, chorus",Kedar Sharma,Jamal Sen,tt3123868
hallaa\-gullaa laa_iilaa khullam\-khullaa ... aish kar lo dosto.n,Dholak,1951,"Rafi, Shamshad, Satish Batra",Ajiz Kashmiri,Shyam Sundar,tt2396447
"kahaa.N ho tum, zaraa aavaaz do, ham yaad karate hai.n",Malhaar,1951,"Mukesh, Lata",Kaif Irfani,Roshan,
nazar phero na hamase ham hai.n tum par marane waalo.n me.n,Deedaar,1951,"G M Durrani, Shamshad",Shakeel,Naushad,
ye kaun aayaa ke mere dil kii duniyaa me.n bahaar aa_ii,Baazi,1951,Geeta,Sahir,S D Burman,tt0043307
do din ke liye mahamaan yahaa.N,Badal,1951,Lata,Shailendra,Shankar-Jaikishan,tt0130489
aa.Nkho.n\-aa.Nkho.n me.n unase pyaar ho gayaa,Adaa,1951,Lata Mangeshkar,Prem Dhawan,Madan Mohan,tt0214409
ham tujh se muhabbat kar ke sanam,Aawaara,1951,Mukesh,Hasrat,Shankar-Jaikishan,
nayaa\-nayaa hai pyaar zamaanaa dekh na le,Sanam,1951,"Suraiya, Shamshad, S D Batish",Qamar Jalalabadi,Husnlal-Bhagatram,tt0139583
agar kisii se mohabbat na kii ... samajh lo nazar se,Kashmir,1951,Zohra Bai,Sarshar Sailani,Hansraj Bahl,tt25236878
bahe a.Nkhiyo.n se dhaar jiyaa meraa beqaraar ... dil to.D ke,Hum Log,1951,Lata,Udhav Kumar,Roshan,tt0331261
raato.n kii nii.nd chhiin lii aa.Nkho.n ke i.ntezaar ne,Shokhiyan,1951,Suraiyya,Kedar Sharma,Jamal Sen,tt3123868
ai chaa.Nd mere chaa.Nd ko dikhalaa na sakaa tuu,Jai Mahakali,1951,Geeta Dutt,Firoz Jalandhari,Kumar,
"dam bhar jo udhar mu.Nh phere, o chandaa",Aawaara,1951,"Lata, Mukesh",Shailendra,Shankar-Jaikishan,
tuune mere zaKm\-e\-jigar ko chhuu liyaa,Nageenaa,1951,Lata,Shailendra,Shankar Jaikishan,
tumako apanii zindagii ... dil beqaraar hai,Nageenaa,1951,C H Atma,Hasrat,Shankar Jaikishan,
"aavaaraa huu.N, yaa gardish me.n huu.N aasamaan kaa taaraa huu.N",Aawaara,1951,Mukesh,Hasrat,Shankar-Jaikishan,
mere chaahanewale hazaar mujhe tuu maaf karanaa,Sanam,1951,"Suraiya, S D Batish",Qamar Jalalabadi,Husnlal-Bhagatram,tt0139583
apanii nazar se unakii nazar tak,Humlog,1951,Mukesh,Vishwamitra Adil & Udhav Kumar,Roshan,
bahaar aa_ii magar dil me.n ... luTaa dil meraa haay aabaad ho kar,Hulchul,1951,Lata,Khumar Barabankwi,Sajjad Husain,tt0133014
jaane na jaane na haay ye duniyaa jaane na dil kii lagii,Buzdil,1951,Lata,Shailendra,S D Burman,tt0043367
"o beTaa jii, kismat kii havaa kabhii garam",Albela,1951,Chitalkar,Rajinder Krishan,C Ramchandra,tt0137349
mahafil me.n mere kaun ye diivaanaa aa gayaa,Albela,1951,"Rafi, Lata",Rajinder Krishan,C Ramchandra,tt0137349
duniyaa ne terii duniyaa vaale,Deedar,1951,Lata,Shakeel,Naushad,tt0137459
merii kahaanii bhuulane vaale teraa jahaa.N aabaad rahe,Deedar,1951,Rafi,Shakeel,Naushad,tt0137459
ik terii nazar ik merii nazar ... kaho ye pyaar nahii.n to kyaa hai,Amar Kahani/ ( Kanchan 1955),1952,Suraiya,Rajinder Krishan,Husnlal-Bhagatram,
ham\-tum ye bahaar dekho ra.ng laayaa pyaar,Ambar,1952,"Rafi, Lata",Shakeel,Gulam Mohammad,
dekho aayaa ye kaisaa zamaanaa,Daagh,1952,"Lata, Chorus",Shailendra,Shankar-Jaikishan,
priit ye kaisii bol rii duniyaa,Daagh,1952,Lata,Shailendra,Shankar-Jaikishan,
churaakar dil ko yuu.N ... haay meraa dil mujhe vaapas,Ambar,1952,Rafi,Shakeel,Gulam Mohammad,
yahii bahaar hai,Raagrang,1952,Lata,Kaif Irfani???,Roshan,
ye duniyaa kaisii hai bhagavaaan,Deewaanaa,1952,Hridaynath Mangeshkar,Shakeel,Naushad,
ham pyaar tumhii.n se karate hai.n,Ambar,1952,Lata,Shakeel,Ghulam Mohemmad,
nigaahe.n kyo.n milaa_ii thii.n agar yuu.N chho.D jaanaa thaa,Laal Kunwar,1952,Suraiya,Sahir,S D Burman,
"TuuTegii na pyaar kii Dor, duniyaa chaahe lagaa le zor",Ambar,1952,Lata,Shakeel,Ghulam Mohemmad,
ye havaa ye raat ye chaa.Ndanii,Sangdil,1952,Talat,Rajinder Krishan,Sajjad,tt0130991
mujhe dard tuune ye kyaa,Saloni,1952,Lata,Arjun Dev Ashk,Basant Prakash,
tere dar se Kushii maa.ngii ... are ye kyaa kiyaa tuune,Hangaamaa,1952,Lata,Rajinder Krishan,C Ramchandra,
kahii.n dil lagaane kaa saamaan kar le,Raagrang,1952,Rajkumari,Sarshar Sailani,Roshan,
priit sataa_e terii yaad na jaa_e terii,Laal Kunwar,1952,Suraiyya,Sahir,S D Burman,
duur koii gaae dhun ye sunaae,Baiju Bawra,1952,"Shamshad, Lata",Shakeel,Naushad,tt0044392
"are baabaa, ye ha.Nsii baabaa, ye Kushii baabaa",Shin Shinaaki Booblaa Boo,1952,"Lata, Kishore, Chorus",P L Santoshi,C Ramchandra,
jiinevaale o matavaale zi.ndagii se pyaar kar,Sanskaar,1952,Lata,Shailendra,Roshan,
hai kahii.n par shaadamaanii aur kahii.n naashaadiyaa.N,Aandhiyaan,1952,Lata,Pt Narendra Sharma,Ali Akbar Khan,
badanasiibii kaa gilaa ai dil-e-naashaad na kar,Bewafaa,1952,Lata,Sarshar Silani,Alla Rakha,
pyaar bharii in aa.Nkho.n ne aajaa tujhako,Parbat,1952,"Lata, Geeta",Hasrat,Shankar Jaikishan,tt0215034
do din kii zi.ndagii me.n dukha.De hai.n beshumaar,Poonam,1952,Lata,Shailendra,Shankar-Jaikishan,tt0237587
ek baar jhalak dikhalaa ke hame.n ... isii kaa naam duniyaa hai to,Bewafaa,1952,Lata,Sarshar Sailani,Alla Rakha Qureshi,
rote hai.n nainaa Gam ke maare,Ambar,1952,"Shamshad, Rafi, Chorus",Shakeel,Ghulam Mohemmad,
duniyaa me.n nahii.n ... zamaanaa sach kahataa hai,Ambar,1952,"Lata, Rafi",Shakeel,Ghulam Mohemmad,
shamaa jalii paravaanaa aayaa,Ambar,1952,"Rafi, Lata",Shakeel,Gulam Mohammad,
dil ke shiishamahal me.n aayaa ik matavaalaa chor ho,Ambar,1952,"Shamshad, Zohrabai, Other Voice?",Shakeel,Ghulam Mohemmad,
"kyo.n akhiyaa.N bhar aayii, phir koii yaad aayaa",Tamasha,1952,Lata,Bharat Vyas,Manna De,tt0139635
sapano.n me.n aanaa chhe.D chhe.D jaanaa,Shisham,1952,"Lata, Mukesh",Indeevar,Roshan,
sataayegaa kise tuu aasamaa.N,Sheesham,1952,Mukesh,Indeevar,Roshan,
dukhiyaare nainaa Dhuu.N.Dhe.n piyaa ko,Nirmohi,1952,Lata,Indeevar,Madan Mohan,
dil vaale dil giir hu_aa,Yatrik,1952,Dhananjay Bhattacharya,Pt. Bhushan,Pankaj Mullick,
tuu Dhuu.NDhataa hai jisako,Yatrik,1952,Dhananjay Bhattacharya,Pt. Bhushan,Pankaj Mullick,
is bewafaa jahaa.N me.n wafaa Dhuu.NDhate rahe,Aasmaan,1952,C H Atma,Prem Dhawan,O P Nayyar,tt22011176
jabase pii sa.ng nainaa laage,Aasmaan,1952,Rajkumari,Prem Dhawan,O P Nayyar,tt22011176
ai dard\-e\-jigar,Parchhain,1952,Lata,Noor Lucknowi,C Ramchandra,tt0358004
"kaTate hai.n dukh me.n ye din, pahaluu badal badal ke",Parchhain,1952,Lata,Noor Lucknowi,C Ramchandra,tt0358004
prem lagaanaa chaahii re manavaa,Yaatrik,1952,Binata Chakrabarty,Meera Bai (Traditional),Pankaj Mullick,
jay jay shiv OMkaaraa,Yaatrik,1952,Pankaj Mullick ?,Pt. Bhushan,Pankaj Mullick,
raam naam ghanashyaam,Yaatrik,1952,Biren Pal,B N Sharma,Pankaj Mullick,
raam naam ghanashyaam,Yaatrik,1952,Biren Bal,B N Sharma,Pankaj Mullick,
terii mahafil me.n dil thaame teraa diivaanaa aataa hai,Sheeshaa,1952,Rafi,Umar Ansari,Gulam Mohammad,
ha.Nse Tim Tim Tim chhoTe chhoTe taare,Sanskaar,1952,Lata,Shailendra,Roshan,
a.Ndhii qismat kise le chalegii kahaa.N,Sanskaar,1952,Lata,Shailendra,Roshan,
kisii suurat lagii dil kii bahal jaaye to achchhaa ho,Naubahar,1952,Talat Mahmood,Satyendra Athaiya,Roshan,
do naino.n ne jaal bichhaaya,Sanskaar,1952,Lata,Shailendra,Roshan,
muhabbat ke jhuuThe sahaaro.n ne luuTaa,Sanskaar,1952,Talat,Shailendra,Roshan,
kal jalegaa chaa.Nd saarii raat,Nirmohi,1952,Lata,Uddhav Kumar,Madan Mohan,
ye kahe chaa.Ndanii raat sunaa do apane dil kii baat,Nirmohi,1952,Lata,P N Rangeen,Madan Mohan,
wo to chale gaye ai dil yaad se unakii pyaar kar,Sangdil,1952,Lata,Rajinder Krishan,Sajjad Husain,tt0130991
"chhuum chhanaanan chhuum\-chhuum, ye samaa.N aur ham\-tum",Nayaa Ghar,1953,Lata,Shailendra,Shankar-Jaikishan,
hai ye wahii aasamaa.N,Char Chand,1953,Talat Mahmood,A. Karim,Nashad,
udhar hai husn ka jalawaa ... terii marazii hai jahaa.N,Gharbaar,1953,"Asha, Talat",Indeevar,Vasant Prabhu,
dil par sau\-sau baar chalaaye naino.n waale tiir ho,Aabshaar/ Waterfall,1953,"Munawwar Sultana, Other Voice",Qateel Shifai,Ghulam Haidar,
ye barakhaa bahaar ... na jaa more saa.Nware piyaa,Mayur Pankh,1953,"Lata, Asha",Shailendra,Shankar-Jaikishan,
lagaa kar dil pariishaa.N hai.n,Nayaa Ghar,1953,Lata,Hasrat,Shankar-Jaikishan,
kisii ne nazar se nazar jab milaa dii,Humsafar,1953,"Talat Mahmood, Asha",Sahir,Ustad Ali Akbar Khan,
"lo aaye hai.n, lo aaye din pyaar karane ke",Nayaa Ghar,1953,Lata,Hasrat,Shankar-Jaikishan,
jawaa.N hai jahaa.N ... mai.n huu.N ke hai zi.ndagii zahar,Nayaa Ghar,1953,Lata,Shailendra,Shankar-Jaikishan,
katar Daale hai.n par sayyaad ne varanaa ye dikhalaate,Malikaa Salomi,1953,Madhubala Zaveri,Farouk Qaisar,Krishnadayal,
Kushiyo.n ke zamaane aa_e dil pyaar ke gaane gaa_e,Farmaaish,1953,"Rafi, Meena Mangeshkar",Khaawar Zamaan,Husnlal Bhagatram,
ye shaam kii tanhaaiyaa.N aise me.n teraa Gam,Aah,1953,Lata,Shailendra,Shankar-Jaikishan,tt0045467
duniyaa ke dukh hare hai.n tumane,Jhanjhar?,1953?,Lalita Deolkar?,Rajinder Krishan?,C Ramchandra?,
bachapan kii yaadagaaro,Gulnar,1953,Noorjehan,Qatil Shifai,Ghulam Haider,
jiyuu.Ngaa jab talak tere fasaane yaad aaye.nge,Chingari,1953,Talat,Sahir,Manohar,tt0385976
din pyaar ke aaye re,Aansoo,1953,"Rafi, Lata",Qamar Jalalabadi,Husnlal-Bhagatram,
ham unake paas aate hai.n,Nayaa Ghar,1953,Talat,Hasrat,Shankar-Jaikishan,
jaa jaa jaa re jaa re jaa,Nayaa Ghar,1953,Lata,Shailendra,Shankar-Jaikishan,
ko_ii duur bajaaye baa.Nsurii,Hamsafar,1953,Lata,Sahir,Ustad Ali Akbar Khan,
ye bebasii ye meraa haal\-e\-zaar dekh to le,Alif Laila,1953,Talat,Sahir,Shyamsunder,
"jaane na nazar, pahachaane jigar",Aah,1953,"Lata, Mukesh",Hasrat,Shankar-Jaikishan,tt0045467
dekho jii dekho ik baar is taraf dekho,Aas,1953,"Mukesh, Lata",Shailendra,Shankar-Jaikishan,tt0178202
na_ii zindagii se pyaar kar ke dekh,Shikast,1953,"Rafi, Lata, Chours/ Lata, Chorus",Shailendra,Shankar Jaikishan,tt0148842
miTTii se khelate ho baar\-baar kis liye,Patitaa,1953,Lata,Shailendra,Shankar-Jaikishan,
mushkil hai pyaar chhupaanaa tandaanaa,Mayur Pankh,1953,"Lata, Chorus",Shailendra,Shankar-Jaikishan,
dard\-e\-jigar Thahar zaraa dam to mujhe,Aurat,1953,Lata,Shailendra,Shankar Jaikishan,tt0045524
sunate the naam ham jin kaa bahaar se,Aah,1953,Lata,Hasrat,Shankar-Jaikishan,tt0045467
ye kaisii khushii hai ye kaisaa nashaa hai,Shagoofa,1953,Lata,Rajinder Krishan,C Ramchandra,
jab jab phuul khile tujhe yaad kiyaa hamane,Shikast,1953,"Lata, Talat",Shailendra,Shankar-Jaikishan,tt0148842
chaahe nainaa churaa_o ... pyaar ho ke rahegaa,Aas,1953,"Lata, Talat",Shailendra,Shankar Jaikishan,tt0178202
raat jaag ke nikaaluu.N tere i.ntazaar me.n,Shikast,1953,Lata,Hasrat,Shankar Jaikishan,tt0148842
tum se hai pyaar mujhe tum se hai pyaar,Teen Batti Chaar Rasta,1953,Talat,P L Santoshi,Shivram Krishna,
naino.n se nain hu_e chaar aaj meraa dil aa gayaa,Aurat,1953,Lata,Hasrat,Shankar Jaikishan,tt0045524
ye havaa ye samaa chaa.Ndanii hai javaa.N,Shagoofa,1953,Lata,Rajinder Krishan,C Ramchandra,
kahataa hai ye dil chal unase mil,Naghmaa,1953,Premlata,Nakhshab,Nashad,
wafaa kii laaj rah jaayegii ... aa jaan\-e\-wafaa aa .. kahate hai.n kise pyaar,Anaarkali,1953,Geeta,Jaan Nisar Akhtar,Basant Prakash,
o dil na lagaanaa ... jiine na degaa ye zamaanaa,Maashooqaa,1953,Mukesh,Shailendra,Roshan,
kisii kii aa.Nkh ke aa.Nsuu hai.n sitaare na kaho,Aagosh,1953,Lata,Indeevar,Roshan,
aavaaz de rahaa hai koii aasamaan se,Gauhar,1953,Sudha Malhotra,Shakeel,Ghulam Mohammad,
ai sanam yah zindagii aa_ii hai lekar Kushii,Lailaa Majnoon,1953,Shamshad,Shakeel,Gulam Mohammed,
"ye zi.ndagii usiiki hai, jo kisii kaa ho gayaa",Anaarkali,1953,Lata,Rajinder Krishan,C Ramchandra,
ai vatan ke naujavaano.n jaag aur jagaa ke chal,Baaz,1953,"Geeta, chorus",Majrooh,O P Nayyar,tt0045529
taare khile aa_ii raat ... ye duniyaa jaane naa,Baaghi,1953,Lata,Majrooh,Madan Mohan,
chhe.D gayo mohe sapane me.n shyaam,Jhanjhar,1953,Lata,Rajinder Krishan,C Ramchandra,
mausam hai ThaNDaa ThaNDaa,Jhanjhar,1953,"Lata , chorus",Rajinder Krishan,C Ramchandra,
"raat barasaat kii, pahalii mulaaqaat kii",Jhanjhar,1953,Lata,Rajinder Krishan,C Ramchandra,
mohe laage saara jag phiika phiika,Jhanjhar,1953,Lata,Rajinder Krishan,C Ramchandra,
aao shyaam sundar,Mashuqa,1953,"Suraiyya, chorus",Shailendra,Roshan,
chaa.Nd hai vahii,Parineeta,1953,Geeta,Bharat Vyas,Aroon Kumar,tt0046164
kyaa raat suhaanii hai,Alif Lailaa,1953,"Rafi, Lata",Sahir,Shyamsundar,
huii ye ham se naadaanii,Chor Bazaar,1954,Lata,Shakeel,Sardar Malik,
chalataa rahe ye kaaravaa.N umr\-e\-rawaa.N kaa kaarawaa.N,Chor Baazaar,1954,Lata,Shakeel,Sardar Malik,
insaaf kaa mandir hai ye bhagavaan kaa ghar hai,Amar,1954,Rafi,Shakeel,Naushad,tt0046703
kabhii aar kabhii paar laagaa tiir-e-nazar,Aar Paar,1954,Shamshad,Majrooh,O P Nayyar,tt0046673
muhabbat kar lo jii bhar lo ajii kisane rokaa hai,Aar Paar,1954,"Rafi, Geeta, Suman",Majrooh,O P Nayyar,tt0046673
"baabuujii dhiire chalanaa, pyaar me.n zaraa sa.nbhalanaa",Aar Paar,1954,Geeta,Majrooh,O P Nayyar,tt0046673
phailii hai Kabar aaj ye,Maan,1954,Lata,Kaif Bhopali,Anil Biswas,
tere dar pe aayaa huu.N fariyaad le kar,Chor Bazaar,1954,Talat,Shakeel,Sardar Malik,
dar\-dar kii Thokare.n hai.n ... ab merii zindagii hai,Chor Baazaar,1954,Lata,Shakeel,Sardar Malik,
dil kii lagii ko ko_ii na jaane ... priit ki_e dukh ho_e,Sheeshe Ki Deewaar,1954,Shankar Dasgupta,Manmohan Sabir,Shankar Dasgupta,
huu.N abhii mai.n javaa.N ai dil,Aar Paar,1954,Geeta,Majrooh,O P Nayyar,tt0046673
sun sun sun sun zaalimaa,Aar Paar,1954,"Rafi, Geeta",Majrooh,O P Nayyar,tt0046673
terii yaad me.n jal kar dekh liyaa ab aag me.n jal kar dekhe.nge,Naagin,1954,Lata,Rajinder Krishan,Hemant Kumar,tt3010362
na ye chaa.Nd hogaa na taare rahe.nge,Sassi (Pakistan),1954,"Kausar Parveen, Pukhraj Pappu",Aziz Meerthi,G A Chishti,
biisavii sadii hai ye biisavii sadii,Chaalis Baabaa Ek Chor,1954,Shamshad,P L Santoshi,S D Burman,
kyaa Kabar thii yuu.N,Rishta,1954,Mubarak Begum,Pt. Phani,K Dutta,
shamaa par jal kar bhii paravaanaa,Meenar,1954,Asha,Rajinder Krishan,C Ramchandra,tt0215983
ik baat kahuu.N mere piyaa sun le agar tuu,Amar,1954,Asha,Shakeel,Naushad,tt0046703
zaraa pyaar kar le baabuu ikaraar kar le baabuu,Mangu,1954,Shamshad,Majrooh,O P Nayyar,
Kaamosh hai khevanahaar meraa naiyyaa merii Duubii jaatii hai,Amar,1954,Lata,Shakeel,Naushad,tt0046703
dam bhar kaa thaa daur khushii kaa,Maan,1954,Mukesh,Dr Safdar 'Aah',Anil Biswas,
gar terii nawaazish ho jaae,Gul Bahar,1954,Talat Mahmood,Shevan Rizvi,Khayyam,
kaise ko_ii jiye zahar hai zi.ndagii uThaa tuufaan,Baadbaan,1954,Geeta Dutt,Indeevar,Timir Baran-S K Pal,tt0139039
Thahar zaraa o jaanevaale,Boot Polish,1954,"Manna De, Asha, Madhubala Jhaveri, chorus",Shailendra,Shankar-Jaikishan,tt0046799
meraa dil ye pukaare aa jaa,Nagin,1954,Lata,Rajinder Krishan,Hemant,tt0048410
nazar ne kah diyaa afsaanaa mere pyaar kaa,Bhai Saheb,1954,C H Atma,Shailendra,Ninu Mazumdar,
"raahii matavaale, tuu chheD ik baar",Waris,1954,"Talat, Suraiyya",Qamar Jalalabadi,Anil Biswas,tt0157170
ye kyaa hai Dha.ng zamaane kaa,Dak Babu,1954,Talat,Prem Dhawan,Pt. Dhaniram,
aa phir se mere pyaar kii qismat sa.Nwaar de,Baraati,1954,Lata,Jan Nisar Akhtar,Roshan,
Gazab kiyaa tere waade pe ... sautan ghar na jaa,Waaris,1954,Rajkumari,Qamar Jalalabadi,Anil Biswas,
ek dil do hai.n talab_gaar ba.Dii mushkil hai,Darwaza,1954,"Talat, Suman Kalyanpur",Khumar Barabankvi,Nashad,
na ye chaa.Nd hogaa na taare rahe.nge,Shart,1954,Hemant / Geeta,S H Bihari,Hemant,
uma.ngo.n ko sakhii pii kii nagariyaa kaise le jaauu.N,Amar,1954,"Lata, Chorus",Shakeel,Naushad,tt0046703
na milataa Gam to barabaadii ke afasaane kahaa.N jaate,Amar,1954,Lata,Shakeel,Naushad,tt0046703
raadhaa ke pyaare kR^iSN kanhaa_ii terii duhaa_ii,Amar,1954,Asha,Shakeel,Naushad,tt0046703
na shikawaa hai koii,Amar,1954,Lata,Shakeel Badayuni,Naushad,tt0046703
ye Kaamoshiyaa.N ye samaa.N ye taaro.n bharaa aasamaa.N,Samraat,1954,Lata/ Asha,Rajinder Krishan,Hemant,
shamaa pe aake o paravaane,Meenar,1954,"Asha, chorus",Rajinder Krishan,C Ramchandra,tt0215983
man more gaa jhuum ke,Mangu,1954,Asha,Majrooh,O P Nayyar,
"khaamosh hai jahaa.N, mad_hosh hai fizaa, dil me.n samaa jaa",Naaz,1954,"Meena Kapoor, chorus",Safdar 'Aah',Anil Biswas,
zaraa mu.D ke to dekho saajanaa,Meenaar,1954,"Lata, Talat",Rajinder Krishan,C Ramchandra,
kabhii tanhaaiyo.n me.n ek aisii bhii gha.Dii aaii,Meenaar,1954,Talat Mahmood,Rajinder Krishan,C Ramchandra,
mai.n terii tamannaa karataa huu.N,Khaibar,1954,"Mukesh, Madhubala Jhaveri",Asad Bhopali,Hansraj Behl,
ek dharatii hai ek hai gagan,Adhikaar,1954,Meena Kapoor,Neelkanth Tiwari,Avinash Vyas,
chaa.Nd ghaTane lagaa raat Dhalane lagii,Shart,1954,Geeta,Rajinder Krishan,Hemant Kumar,
ai dil dukha.Daa kise sunaaye.n,Naaz,1954,Lata,Kedar Sharma,Anil Biswas,
o na na na jaanaa naa chho.D ke,Shart,1954,Asha,S H Bihari,Hemant Kumar,
charanadaas ko piine kii jo aadat na hotii,Pehali Jhalak,1954,Kishor,Rajinder Krishan,Hemant Kumar,
zamii.n chal rahii aasamaa.N chal rahaa hai,Pahli Jhalak,1954,Hemant Kumar,Rajinder Krishan,C Ramchandra,
kahaa.N se le ke aa_ii hai.n ... merii taqadiir ke maalik,Shart,1954,Lata,S H Bihari,Hemant Kumar,
pyaar kii ye talKiyaa.N jo na sah sakuuN to mai.n kyaa karuun,Sardaar,1955,Lata,Kaif Irfani,"Jagmohan ""Sursagar""",tt1390850
"niile aasamaanii, buujho to ye nainaa baabuu",Mr. and Mrs. 55,1955,Geeta,Majrooh,O P Nayyar,
falaq milegaa tujhe kyaa ... ye muhabbat naa miTegii,Ghar Ghar Mein Diwaali,1955,"Lata, Rafi",Indeevar,Roshan,
barakhaa kii raat me.n he ho haa,Sardaar,1955,"Geeta, Chorus",Uddhav Kumar,Jagmohan 'Sursagar',tt1390850
bhar bhar ke jaam pilaa de,Yasmin,1955,"Lata, chorus",Jaan Nisar Akhtar,C Ramchandra,tt0048816
udhar tum hasii.n ho idhar dil javaa.N hai,Mr. & Mrs. '55,1955,"Rafi, Geeta",Majrooh,O P Nayyar,tt0048392
dil par huaa aisaa jaaduu,Mr. and Mrs. 55,1955,Rafi,Majrooh,O P Nayyar,
tum apanii yaad bhii dil se,Yasmin,1955,"Lata, Talat",Jaan Nisar Akhtar,C Ramchandra,tt0048816
jaane kahaa.N meraa jigar gayaa jii,Mr. and Mrs. 55,1955,"Rafi, Geeta",Majrooh,O P Nayyar,
ha.Ns ha.Ns ke hasiino.n se nazar chaar kiye jaa,Yasmin,1955,Lata,Jaan Nisar Akhtar,C Ramchandra,tt0048816
kaisii ye mohabbat kii sazaa,Jhanak Jhanak Paayal Baaje,1955,Lata,Diwan Sharar,Vasant Desai,
ra.ngo.n ke badalane se tasviir na badalegii,Shikar,1955,Lata,Indeevar,Bulo C Rani,tt28671884
ye hasiin shaam,Teerandaaz,1955,"Lata, chorus",Rajinder Krishan,C Ramchandra,
haiyaa re haiyaa ... ye duniyaa ek saagar hai,Bandish,1955,"Hemant, Chorus",Prem Dhawan,Hemant,tt0139051
priitam aan milo dukhiyaa jiyaa bulaa_e,Mr. & Mrs. '55,1955,Geeta,Saroj Mohini Iyer,O P Nayyar,tt0048392
ab to jii hone lagaa kisii kii suurat kaa saamanaa,Mr. & Mrs. '55,1955,Shamshad,Majrooh,O P Nayyar,tt0048392
tumhaarii yaad me.n ... dil meraa beqaraar hai,Bandish,1955,Lata,Ravi Shankar,Hemant,tt0139051
chal rii chalii chal naiyaa,Sardar,1955,Hemant Kumar,Vrajendra Gaur,Jagmohan,tt28541577
muhabbat me.n pahalaa kadam rakhanevaalo.n,Yasmin,1955,Lata,Jaan Nisar Akhtar,C Ramchandra,tt0048816
"aa.Nkho.n me.n samaa jaao, is dil me.n rahaa karanaa",Yasmin,1955,Lata,Jaan Nisar Akhtar,C Ramchandra,tt0048816
dil un ko Dhuu.NDhataa hai ham dil ko Dhuu.NDhate hai.n,Yasmin,1955,Lata,Jaan Nisar Akhtar,C Ramchandra,tt0048816
"ab vo raate.n kahaa.N, ab vo baate.n kahaa.N",Yasmin,1955,Lata,Jaan Nisar Akhtar,C Ramchandra,tt0048816
ye duniyaa Gam kaa ... hame.n bhii de do sahaaraa,Seema,1955,"Rafi, Chorus",Hasrat,Shankar-Jaikishan,tt0146266
are na na na na na na tobaa tobaa,Mr. and Mrs. 55,1955,"Rafi, Geeta",Majrooh,O P Nayyar,
merii duniyaa luT rahii thii aur mai.n khaamosh thaa,Mr. and Mrs. 55,1955,"Rafi, chorus",Majrooh,O P Nayyar,
ThaNDii havaa kaalii ghaTaa aa hii ga_ii jhuum ke,Mr. and Mrs. 55,1955,Geeta,Majrooh,O P Nayyar,
piyaa piyaa piyaa meraa jiyaa pukaare,Baap Re Baap,1955,"Asha, Kishor",Jaan Nisar Akhtar,O P Nayyar,tt0231209
mujhape ilzaam\-e\-bewafaaii hai,Yaasmin,1955,Lata,Jaan Nisar Akhtar,C Ramchandra,
"meraa juutaa hai jaapaanii, ye pataluun i.nglistaanii",Shree 420,1955,Mukesh,Shailendra,Shankar-Jaikishan,tt0048613
dil ke badale dil hii luu.Ngii,Daaku,1955,"Mukesh, Asha",Manohar Khanna,Snehal Bhatkar,
luuT liyaa ... kisii gariib kaa ghar,Darbaar,1955,Talat,"Asad Bhopali, Prem Dhawan",Hansraj Behl,
dard bharaa dil bhar bhar aaye,Baaraadari,1955,Lata,Khumar Barabankvi,Nashad,
ye chaar din bahaar ke ... bhulaa do zindagii ke Gam,Rukhsaanaa,1955,"Kishore, Asha",Shakeel,Sajjad,
tuu pyaar kaa saagar hai,Seema,1955,"Manna De, chorus",Shailendra,Shankar-Jaikishan,tt0146266
achchhaa jii maaf kar do tho.Daa insaaf kar do,Musaafirkhaanaa,1955,"Rafi, Geeta",Majrooh,O P Nayyar,
tho.Daa saa dil lagaa ke dekh ... tar ram pam pam,Musaafirkhaanaa,1955,"Rafi, Shamshad",Majrooh,O P Nayyar,
zaraa sii baat kaa huzuur ne fasaanaa kar diyaa,Musafir Khana,1955,Asha,Majrooh,O P Nayyar,tt0267769
"kitanaa hasii.n hai mausam, kitanaa hasii.n safar hai",Azad,1955,"Lata, Chitalkar",Rajinder Krishan,C Ramchandra,tt0131852
merii nigaah ne kyaa kaam ... jhuuThe zamaane bhar ke,Musaafirkhaanaa,1955,"Rafi, Nirmala",Majrooh,O P Nayyar,
aadhe idhar hai.n aadhe udhar,Ghar Ghar Mein Diwaali,1955,Mukesh,Prem Dhawan,Roshan,
kis ko khabar thii kis ko yaqii.n thaa,Devdas,1955,Talat,Sahir,S D Burman,tt0047990
ye naa thii hamaarii qismat ke visaal\-e\-yaar hotaa,Mirza Ghalib,1955,Suraiyya,Mirza Ghalib,Ghulam Mohammad,tt0137958
bachanaa zaraa ye zamaanaa hai buraa,Milaap,1955,"Geeta, Rafi",Sahir,N Dutta,
kho diyaa mai.n ne paa kar kisii ko,Baaraadari,1955,Lata,Khumar Barabankvi,Nashad,
ai pardaanashii.n ye ishq kahii.n,Teerandaaz,1955,"Lata, chorus",Rajinder Krishan,C Ramchandra,
ai jazba-e-ishq teraa kab aitabaar aaye,Haseena,1955,Talat Mahmood,Jaan Nisar Akhtar,Bulo C Rani,
"pyaar huaa iqaraar huaa hai, pyaar se phir kyo.n Darataa hai dil",Shree 420,1955,"Manna De, Lata",Shailendra,Shankar-Jaikishan,tt0048613
dekho jaataa hai ko_ii ... apanaa hii ghar luTaane,Adal-E-Jahaangir,1955,Rafi,Qamar Jalalabadi,Husnlal Bhagatram,
ye bahaaro.n ke din ye suhaanaa samaa.N,Kundan,1955,"Lata, Rafi",Shakeel,Ghulam Mohammad,tt0048271
kahaa.N kho gayii hai bahaar aate aate,Ghar Ghar mein Diwaali,1955,Lata,Prem Dhawan,Roshan,
##All Line Clear##,Chori Chori,1956,Rafi,Hasrat,Shankar-Jaikishan,tt0049072
hamane jab dil thaa diyaa ko_ii vaadaa thaa kiyaa,Chhoo Mantar,1956,"Shamshad, Rafi",Jaan Nisar Akhtar,O P Nayyar,tt0049071
yaad karuu.N torii batiyaa.N,Mr. Lambu,1956,Suraiya,Jaan Nisar Akhtar,O P Nayyar,tt0154904
mere zi.ndagii ke hamasafar,Shrimati 420,1956,Geeta,Jaan Nisar Akhtar,O P Nayyar,
lagii hai aag sii har mauj ... ye tuune kyaa kahaa,Insaaf,1956,"Mukesh, Asha",Akhtar Romani,Usha Khanna,
mai.n piyaa terii tuu maane yaa na maane,Basant Bahaar,1956,Lata,Hasrat,Shankar-Jaikishan,
ye mahafil sitaaro.n kii,Arab Ka Saudagar,1956,"Hemant, Asha",Ravi,Hemant,
ba.Dii der bha_ii kab loge Kabar more raam,Basant Bahaar,1956,Rafi,Shailendra,Shankar Jaikishan,
kar gayaa re kar gayaa mujhape jaaduu sa.Nwariyaa,Basant Bahaar,1956,"Lata, Asha",Shailendra,Shankar Jaikishan,
ye raat bhiigii\-bhiigii ye mast fizaa_e.N,Chori Chori,1956,"Lata, Manna Day",Hasrat,Shankar Jaikishan,tt0049072
ye vaadaa karo chaa.Nd ke saamane,Raaj Hath,1956,"Lata, Mukesh",Shailendra,Shankar-Jaikishan,
ye chaa.Nd ye sitaare ye saath teraa\-meraa,Halaaku,1956,Lata,Shailendra,Shankar Jaikishan,
ye Kushii kaa samaa.N zindagii hai jawaa.N,Diwaali Ki Raat,1956,Talat,Naqsh Lyallpuri,Snehal Bhatkar,
leke pahalaa pahalaa pyaar,CID,1956,"Shamshad, Asha, Rafi",Majrooh,O P Nayyar,
"merii nii.ndo.n me.n tum, mere Khvaabo.n me.n tum",Naya Andaz,1956,"Kishore, Shamshad",Jan Nisar Akhtar,O P Nayyar,tt0049545
apanaa to zamaane me.n itanaa hii fasaanaa hai,Nayaa Andaaz,1956,Kishor,Jaan Nisar Akhtar,O P Nayyar,
raat ra.ngiilii gaa_e re mose rahaa na jaa_e re,Nayaa Andaaz,1956,Shamshad,Jaan Nisar Akhtar,O P Nayyar,
aaj suhaanii raat hai,Naya Andaaz,1956,"Rafi, Shamshad, Kishore, chorus",Jaan Nisar Akhtar,O P Nayyar,
bach ke balam kahaa.N jaa_oge,Nayaa Andaaz,1956,Shamshad,Jaan Nisar Akhtar,O P Nayyar,
aa.Nkho.n hii aa.Nkho.n me.n ishaaraa ho gayaa,CID,1956,"Rafi, Geeta",Jaan Nisar Akhtar,O P Nayyar,
kisii ke Thukaraa kar aramaan ... yah mausam roj nahii.n aataa,Pocketmaar,1956,Lata,Rajinder Krishan,Madan Mohan,tt12293692
kuve.n me.n kuud ke mar jaanaa,Parivaar,1956,Kishor,Shailendra,Salil Chaudhary,
tum jo mile o sanam,Hamara Watan,1956,"Asha, Hemant Kumar",S H Bihari,Hemant Kumar,tt0213700
chale ho kahaa.N karake jii bekaraar,Bhaagam Bhaag,1956,"Asha, Rafi",Majrooh,O P Nayyar,
duniyaa naa bhaaye mohe ab to bulaa le,Basant Bahaar,1956,Rafi,Shailendra,Shankar-Jaikishan,
ketakii gulaab juuhii champakaban phuule,Basant Bahaar,1956,"Manna Dey, Bhimsen Joshi",Shailendra,Shankar-Jaikishan,
"jaa jaa re jaa, baalamavaa",Basant Bahaar,1956,Lata,Shailendra,Shankar-Jaikishan,
nain mile chain kahaa.N dil hai vahii.n tuu hai jahaa.N,Basant Bahaar,1956,"Lata, Manna De",Shailendra,Shankar-Jaikishan,
sur naa saje kyaa gaauu.N mai.n,Basant Bahaar,1956,Manna De,Shailendra,Shankar-Jaikishan,
bhay\-bha.njanaa vandanaa sun hamaarii,Basant Bahaar,1956,Manna Dey,Shailendra,Shankar Jaikishan,
pal bhar hii kii pahachaan me.n paradesii sanam se,Anuraag,1956,Mukesh,Indeevar,Mukesh,
tum zaraa sii baat par khafaa na ho,Mr. Lambu,1956,"Rafi, Suraiya",Harsh,O P Nayyar,tt0154904
kahaa.N merii ma.nzil kahaa.N merii raahe.n,Diwaali Ki Raat,1956,Talat Mahmood,Madhukar Rajasthani,Snehal Bhatkar,
kahane ko bahut kuchh kahanaa thaa,Diwaali Ki Raat,1956,"Talat, Madhubala Zaveri",Madhukar Rajasthani,Snehal Bhatkar,
anTam fanTam chho.D de baabuu ho ga_ii terii haar,Hum Sab Chor Hain,1956,Asha,Majrooh,O P Nayyar,tt0231763
so_ii hai kahaa.N jaa kar taqadiir mohabbat kii,Mr. Lambu,1956,Suraiya,Harsh,O P Nayyar,tt0154904
jaataa kahaa.N hai diiwaane sab kuchh yahaa.N hai sanam,C.I.D.,1956,Geeta,Majrooh,O P Nayyar,tt0049041
saawan kii ghanaghor ghaTaao,Intezar (Pakistan),1956,Noorjehan,Qateel Shifai,Khurshid Anwar,
tere tiir\-e\-nazar kaa balam dil nishaanaa hu_aa,Bhaagam Bhaag,1956,"Asha, Rafi",Majrooh,O P Nayyar,
dil kaa naa karanaa aitabaar ko_ii,Halaaku,1956,"Rafi, Lata",Shailendra,Shankar Jaikishan,
man bhaavan ke ghar jaae gorii,Chori Chori,1956,"Lata, Asha",Shailendra,Shankar-Jaikishan,tt0049072
terii adaa par nisaar karane mai.n dil ko laayaa,Darbaar,1956,Talat,Asad Bhopali,Hansraj Behl,tt1330988
are bha_ii nikal ke aa ghar se,New Delhi,1956,Kishore,Shailendra,Shankar-Jaikishan,tt0049549
aa_e bahaar ban ke lubhaa kar chale ga_e,Raajhath,1956,Rafi,Hasrat,Shankar Jaikishan,
jis din se piyaa dil le gaye dukh de gaye,Pakistani-Film(Intezar),1956,Noorjehan,Qateel Shifai,Kurshid Anwar,
a.ntar ma.ntar ja.ntar se maidaan liyaa hai maar,Raajhath,1956,"Lata, Usha",Hasrat,Shankar Jaikishan,
zindagii bahaar hai muhabbat kii bahaar se,Nai Dilli/ New Delhi,1956,"Lata, Chorus",Shailendra,Shankar-Jaikishan,
o Tim kaa Timaa ... us paar saajan is paar dhaare,Chori Chori,1956,Lata,Hasrat,Shankar Jaikishan,tt0049072
o jaanevaale re Thahro zaraa ruk jaa_o lauT aa_o,Intezar (Pakistani-Film),1956,Noorjehan,Qateel Shifai,Khurshid Anwar,
milate hii nazar aap mere dil me.n aa ga_e,Nai Dilli/ New Delhi,1956,Kishor,Shailendra,Shankar Jaikishan,
yuu.N muskaraa ke saamane aayaa na kiiji_e,Qaidi,1957,"Rafi, Asha",Jaan Nisar Akhtar,O P Nayyar,
jaan sake to jaan tere man me.n chhupakar baiThe,Ustaad,1957,Rafi,Jaan Nisar Akhtar,O P Nayyar,
naa jaane ye chandaa naa jaane.n ye sitaare,Champaakali,1957,Lata,Rajinder Krishan,Hemant Kumar,
haay haay haay ye nigaahe.n,Paying Guest,1957,Kishore,Majrooh,S D Burman,tt0050829
ye desh hai viir javaano.n kaa alabelo.n kaa mastaano.n kaa,Naya Daur,1957,Rafi,Sahir,O P Nayyar,tt0050758
terii chamakatii aa.Nkho.n ke aage ye sitaare kuchh bhii nahii.n,Chhote Baabu,1957,"Talat, Lata",Indeevar,Madan Mohan,
tuu dil meraa lauTaa de,Mai Baap,1957,"Geeta, Rafi",Qamar Jalalabadi,O P Nayyar,tt0267701
dekho jii dekho miThii adaa se,Mai Baap,1957,"Geeta, Rafi",Jan Nisar Akhtar,O P Nayyar,tt0267701
mai.n huu.N ##Mister Johny## maine sab mulqo.n,Maai Baap,1957,Rafi,Qamar Jalalabadi,O P Nayyar,
vo jo chaahane vaale hai.n tere sanam tujhe Dhuu.NDh hii,Duniyaa Rang Rangeeli,1957,"Rafi, Asha/ Asha",Jaan Nisar Akhtar,O P Nayyar,
ye mast nazar shoK adaa kis ke liye hai,Bandi,1957,"Hemant, Geeta",Prem Dhawan,Hemant,tt0156335
reshamii salawaar ku.Dataa jaalii kaa,Nayaa Daur,1957,"Asha, Shamshad",Sahir,O P Nayyar,
ye chaman hamaaraa apanaa hai,Ab Dilli Door Nahin,1957,"Geeta, Asha, chorus",Shailendra,Dattaram,
ma.nzil vahii hai pyaar kii,Kathputali,1957,Subir Sen,Hasrat,Shankar-Jaikishan,
sar pe Topii laal haath me.n resham kaa ruumaal,Tumsa Nahin Dekha,1957,"Rafi, Asha",Majrooh,O P Nayyar,tt0051117
##verse## ye ha.Nsate huye phuul,Pyaasa,1957,Rafi,Sahir,S D Burman,tt0050870
ye mu.Nh aur daal masuur kii,Baarish,1957,Lata,Rajinder Krishan,C Ramchandra,tt0274353
matalab kii ye duniyaa hai,Nausherwan-e-Adil,1957,Lata,Parvez Shamsi,C Ramchandra,tt0243447
baadalo.n kii paalakii me.n ... dil hai beqaraar kyo.n,Jalti Nishaani/ Birbal Pakistan,1957,"Lata, Mukesh",Qamar Jalalabadi,Anil Biswas,
kahate hai.n pyaar kisako pa.nchhii zaraa bataa de,Baarish,1957,"Lata, Chitalkar/ Lata",Rajinder Krishan,C Ramchandra,tt0274353
aajaa raat biitii jaa_e shamaa ta.Dap kar bujh na jaa_e,Begunaah,1957,"Kishor, Usha",Shailendra,Shankar Jaikishan,
jo siine me.n na dil hotaa ... ham to jaanii pyaar karegaa,Baarish,1957,"Asha, Chitalkar",Rajinder Krishan,C Ramchandra,tt0274353
ye hasarat thii ke is duniyaa me.n bas do kaam kar jaate,Nausherwan-e-Adil,1957,Rafi,Parvez Shamsi,C Ramchandra,tt0243447
duniyaa yah kahatii hai merii qismat me.n likhii vah,Miss Bombay,1957,"Rafi, Suman",Qamar Jalalabadi,Hansraj Behl,
zi.ndagii dii thii jo ... ye aarazuu thii kabhii ham bahaar dekhe.nge,Baarish,1957,Lata,Rajinder Krishan,C Ramchandra,tt0274353
mubaaraq ho duulhaa\-dulhan ko ye shaadii,Paak Daaman,1957,Rafi,Shakeel,Gulam Mohammad,
le chalaa jidhar yah dil nikal pa.De,Miss Bombay,1957,Rafi,Prem Dhawan,Hansraj Behl,
aaj nahii.n to kal bikhare.nge ye baadal,Nagmani,1957,Geeta,Pradeep,Avinash Vyas,
jaauu.N mai.n kahaa.N ye zamiin ye jahaa.N chho.D ke,Miss India,1957,"Lata, Manna Dey",Rajinder Krishan,S D Burman,tt0232107
daane daane pe likhaa hai khaane waale kaa naam,Baarish,1957,Chitalkar,Rajinder Krishan,C Ramchandra,tt0274353
maa.Ng ke saath tumhaaraa,Naya Daur,1957,"Rafi, Asha",Sahir,O P Nayyar,tt0050758
"aanaa hai to aa, raah me.n kuchh pher nahii.n hai",Naya Daur,1957,Rafi,Sahir,O P Nayyar,tt0050758
ik diiwaanaa aate\-jaate ... sakhii rii wo kyaa maa.Nge,Nayaa Daur,1957,Asha,Sahir,O P Nayyar,
ThaNDii ThaNDii havaa puuchhe unakaa pataa,Johnny Walker,1957,"Geeta, Asha",Hasrat,O P Nayyar,tt0415082
mai.n bamba_ii kaa baabuu naam meraa a.njaanaa,Naya Daur,1957,Rafi,Sahir,O P Nayyar,tt0050758
dil to razaamand hai ... bhaTak ga_ii kis raah na jaanuu.N,Maai Baap,1957,Asha,Anjaan-Kapoor,O P Nayyar,
mu.Nh se mat lagaa chiiz hai burii,Johnny Walker,1957,"Rafi, Manna Day",Hasrat,O P Nayyar,tt0415082
saathii haath ba.Dhanaa saathii haath ba.Dhanaa,Naya Daur,1957,"Rafi, Asha, chorus",Sahir,O P Nayyar,tt0050758
"aaye hai.n duur se, milane hazuur se",Tumsa Nahin Dekha,1957,"Rafi, Asha",Majrooh,O P Nayyar,tt0051117
"u.De.n jab jab zulfe.n terii, ku.Nvaariyo.n kaa dil machale",Naya Daur,1957,"Rafi, Asha",Sahir,O P Nayyar,tt0050758
zulf hai dosh par ... suurat ho to aisii ho,Baarish,1957,"Talat, Rafi, Chitalkar, Francis Waz, Chorus",Rajinder Krishan,C Ramchandra,tt0274353
har shaam shaam\-e\-Gam hai,Meraa Salaam,1957,Talat,Shevan Rizvi,Hafiz Khan,
ai Gardish\-e\-zamaanaa kab tak ye Gam sahe.nge,Allaadin Lailaa,1957,"Talat, Sudha Malhotra",Asad Bhopali,A R Qureshi,
chup ho jaa amiiro.n ke ye sone kii gha.Dii hai,Bandi,1957,Kishore,Rajinder Krishan,Hemant,tt0156335
chain nahi.n aae kahaa.N dil jaae,Samundar,1957,Lata,Rajinder Krishan,Madan Mohan,
pahale paisaa phir bhagavaan baabuu dete jaanaa,Miss Mary,1957,Rafi,Rajinder Krishan,Hemant Kumar,tt0139466
jaa re jaa re o maakhan chor,Champaakali,1957,"Rafi, Lata",Rajinder Krishan,Hemant Kumar,
khulii havaa me.n Dole re aaj meraa man bole re,Champaakali,1957,Lata,Rajinder Krishan,Hemant Kumar,
muhabbat me.n ta.Dapane se,Hill Station,1957,Lata,S. H. Bihari,Hemant Kumar,
Gaafil tujhe gha.Diyaal ye ... kisake li_e rukaa hai,Ek Saal,1957,Rafi,Prem Dhawan,Ravi,tt0130649
"ye meraa diivaanaapan hai, yaa muhabbat kaa suruur",Yahudi,1958,Mukesh,Shahryar,Shankar-Jaikishan,tt0052411
mujhako baar baar yaad na aa bewafaa o bewafaa,Raagini,1958,"Asha, Kishore",Qamar Jalalabadi,O P Nayyar,tt0425385
sun jaa pukaar,Phagun,1958,Asha,Qamar Jalalabadi,O P Nayyar,tt0052065
iiT kii dukkii paan kaa ikkaa ... suno jii ye kalakattaa hai,Howrah Bridge,1958,"Rafi, Shamshad",Qamar Jalalabadi,O P Nayyar,tt0051747
ye kyaa kar Daalaa tuune dil teraa ho gayaa,Howrah Bridge,1958,Asha,Hasrat,O P Nayyar,tt0051747
aa.Nsuu kii aag leke terii yaad aa_ii,Yahudi,1958,Lata,Hasrat,Shankar Jaikishan,tt0052411
mai.n kho gayaa yahii.n kahii.n,12 O 'Clock/ Twelve O 'Clock,1958,Rafi,Majrooh,O P Nayyar,
merii jaa.N merii jaa.N pyaar kisii se ho hii gayaa hai,Yahudi,1958,Lata,Shailendra,Shankar-Jaikishan,tt0052411
dekh ke terii nazar beqaraar ho gaye,Howrah Bridge,1958,"Asha, Rafi",Qamar Jalalabadi,O P Nayyar,tt0051747
bechain dil kho_ii sii nazar tanhaa_iyo.n me.n,Yahudi,1958,"Lata, Geeta",Shailendra,Shankar Jaikishan,tt0052411
"tum jo hue mere hamasafar, raste badal gaye",12 O' Clock,1958,"Geeta, Rafi",Majrooh,O P Nayyar,
dil me.n pyaar kaa tuufaan naa samajhe ko_ii naadaan,Yahudi,1958,Lata,Shailendra,Shankar Jaikishan,tt0052411
apanii baa.Nho.n par hai tujhako ... kuchh bhii nahii.n hai teraa mol,Maayaa Baazaar,1958,Rafi,Indivar,Chitragupt,
is duniyaa se niraalaa huu.N mai.n jaaduugar matawaalaa huu.N,Raagini,1958,"Asha, Geeta",Jaan Nisar Akhtar,O P Nayyar,tt0425385
ab terii yaad hai aur pyaar kii tanhaa_ii hai,Miss '58,1958,Suraiya,Kaif Irfani,N Dutta,
aate jaate pahaluu me.n aayaa koii,Yahudi,1958,Lata,Shailendra,Shankar-Jaikishan,tt0052411
kuchh aisaa chhe.D ... tujhe dekh ke machal gayaa aaj meraa man,Raagini,1958,Asha,Qamar Jalalabadi,O P Nayyar,tt0425385
"aaiye meharabaa.N, baiThiye jaan-e-jaa.N",Howrah Bridge,1958,Asha,Qamar Jalalabadi,O P Nayyar,tt0051747
chham\-chham ghu.Ngharuu bole,Phaagun,1958,Asha,Qamar Jalalabadi,O P Nayyar,
"ik paradesii meraa dil le gayaa, jaate jaate miiThaa miiThaa Gam de gayaa",Phagun,1958,"Asha, Rafi",Qamar Jalalabadi,O P Nayyar,tt0052065
"goraa ra.ng, chunariyaa kaalii, motiyo.n vaalii",Howrah Bridge,1958,"Rafi, Asha",Qamar Jalalabadi,O P Nayyar,tt0051747
mai.n soyaa akhiyaa.N miiche terii zulfo.n ke niiche,Phaagun,1958,"Rafi, Asha",Qamar Jalalabadi,O P Nayyar,
"baraso re, haay bairii badaravaa baraso re",Phagun,1958,"Asha, chorus",Qamar Jalalabadi,O P Nayyar,tt0052065
tum ruuTh ke mat jaanaa,Phaagun,1958,"Rafi, Asha",Qamar Jalalabadi,O P Nayyar,
mai.n ba.ngaalii chhokaraa ... mai.n madraasii chhokarii,Raagini,1958,"Kishor, Asha",Qamar Jalalabadi,O P Nayyar,tt0425385
piyaa piyaa na laage moraa jiyaa,Phagun,1958,Asha,Qamar Jalalabadi,O P Nayyar,tt0052065
muhabbat kaa haath javaanii kaa pallaa ... subhaan allaah,Howrah Bridge,1958,"Rafi, Asha",Qamar Jalalabadi,O P Nayyar,tt0051747
meraa naam chin\-chin\-chuu,Howrah Bridge,1958,Geeta,Qamar Jalalabadi,O P Nayyar,tt0051747
dil shaam se Duubaa jaataa hai,Sanskaar,1958,Asha,Sarshar Sailani,Anil Biswas,
pyaar kii nishaaniyaa.N sunaaye.n ye kahaaniyaa.N,Jailor,1958,Asha,Rajinder Krishan,Madan Mohan,tt0243341
piyaa mai.n huu.N pata.ng tuu Dor mai.n u.Datii,Raagini,1958,"Kishor, Asha",Jaan Nisar Akhtar,O P Nayyar,tt0425385
mu.D\-mu.D hamako dekhataa ... jab\-jab mausam jhuumataa,Raagini,1958,"Kishor, Asha",Jaan Nisar Akhtar,O P Nayyar,tt0425385
"man moraa baa.Nvaraa, nis din gaae giit milan ke",Raagini,1958,Rafi,Jaan Nisar Akhtar,O P Nayyar,tt0425385
meraa dil ghabaraa_e merii aa.Nkh sharamaa_e,"Mr. Qaartoon, M.A.",1958,"Rafi, Asha",Jaan Nisar Akhtar,O P Nayyar,
huu.N mai.n raat guzaarii haay ... taare gin gin ke,Raagini,1958,Asha,Jaan Nisar Akhtar,O P Nayyar,tt0425385
pyaar par bas to nahii.n hai (AshA),Sone Ki Chidiyaa,1958,Asha Bhosle,Sahir,O P Nayyar,
kaisaa jaaduu balam tuune Daaraa,12 O 'Clock/ Twelve O 'Clock,1958,Geeta,Majrooh,O P Nayyar,
aajaa kar le muqaabilaa ye baazii pyaar kii,Detective,1958,"Geeta, Rafi",Shailendra,Mukul Roy,tt0268252
ye afasaanaa nahii.n hai,Mehandi,1958,Lata,Qamil Rashid,Ravi,
maut kabhii bhii ... raat bhar kaa hai mehamaa.n a.Ndheraa,Sone Ki Chidiyaa,1958,"Rafi/ Rafi, Asha",Sahir,O P Nayyar,
"pyaar par bas to nahii.n hai meraa, lekin phir bhii",Sone Ki Chidiya,1958,"Talat, Asha",Sahir,O P Nayyar,tt0052220
raat chaa.Ndanii mai.n akelii,Zehar-e-Ishq (Pakistani-Film),1958,Zubeida Khanum,Qateel Shifai,Khurshid Anwar,
ye bhii koii ruuThane kaa mausam,Solvah Saal,1958,Asha,Majrooh,S D Burman,
zindagii hai yaa ko_ii tuufaan hai,Zindagi Yaa Toofaan,1958,Khan Mastana,Nakshab,Nashad,
pyaar kii duniyaa luTegii hame.n maaluum na thaa,Mehndi,1958,Lata,Khumar Barabankwi,Ravi,tt0357898
mujh ko tum jo mile ye jahaan mil gayaa,Detective,1958,"Hemant, Geeta",Shailendra,Mukul Roy,tt0268252
musaafir hai.n ham\-tum ye duniyaa saraay,Sim Sim Marjeenaa,1958,"Rafi, Mubarak Begum, Sudha Malhotra",Asad Bhopali,A R Qureshi,
aaj na jaane rah rah kyuu.N dil ye meraa Dole,Raaj Tilak,1958,Lata,P L Santoshi,C Ramchandra,tt0052116
haal yah kar diyaa zaalim tere ta.Dapaane ne,Panchaayat,1958,"Rafi, Geeta",Shakeel Numani,Iqbal Qureshi,
ajab hamaarii hai zi.ndagaanii,Kabhi Andhera Kabhi Ujala,1958,Asha,Majrooh Sultanpuri,O P Nayyar,tt0357820
jaaduu bharii ye chaa.Ndanii ye pyaar kaa samaa,Madam X Y Z,1959,Lata,Prem Dhawan,Chitragupt,
kahe jhuum\-jhuum raat ye suhaanii,Love Marriage,1959,Lata,Shailendra,Shankar-Jaikishan,tt0245239
dil ko lagaa ke bhuul se dil kaa nishaa.N miTaa diyaa,Doctor Z,1959,"Geeta, Talat",Akhtar Romani,Manohar,
yaad jab aaye terii,Mohar,1959,Talat,Rajinder Krishan,Madan Mohan,tt0357912
ab kahaa.N jaa_e.N ham ye bataa ai zamii.n,Ujaalaa,1959,Manna Dey,Shailendra,Shankar-Jaikishan,
"ajiib daastaa.n hai ye, kahaa.N shuruu kahaa.N khatam",Dil Apana Aur Preet Parayee,1959,Lata,Shailendra,Shankar-Jaikishan,
ruk\-ruk\-ruk kahaa.N chalii diiwaanii,Do Ustaad,1959,"Rafi, Asha",Qamar Jalalabadi,O P Nayyar,
Kyaalo.n pe mere chhaa_e hu_e ... ham pe dil aayaa to bolo,Do Ustaad,1959,"Rafi, Asha, Shamshad",Qamar Jalalabadi,O P Nayyar,
tuu la.Dakii mai.n ek la.Dakaa tujhe dekh,Do Ustaad,1959,"Rafi, Asha",Qamar Jalalabadi,O P Nayyar,
"dil kii nazar se, nazaro.n kii dil se",Anaadi,1959,"Mukesh, Lata",Shailendra,Shankar-Jaikishan,
yaad aayii aadhii raat ko,Kanhaiyya,1959,Mukesh,Shailendra,Shankar-Jaikishan,
ai hamasafar bataa de ma.nzil terii kidhar hai,Mohar,1959,"Rafi, Lata",Rajinder Krishan,Madan Mohan,tt0357912
i.ntazaar aur abhii,Char Dil Char Rahen,1959,Lata,Sahir,Anil Biswas,tt0139110
o kalii anaar kii na itanaa sataa_o,Chhoti Behan,1959,"Manna De, Lata",Hasrat,Shankar-Jaikishan,
mai.n ra.ngiilaa pyaar kaa raahii,Chhoti Behan,1959,"Subir Sen, Lata",Shailendra,Shankar-Jaikishan,
kuchh merii nazar madahosh hai,Madam X Y Z,1959,Lata,Prem Dhawan,Chitragupt,
koii maane na maane magar jaaneman,Char Dil Char Rahen,1959,Lata,Sahir,Anil Biswas,tt0139110
saagar roye lahare.n shor machaaye.n,Pakistani-film{Koel),1959,Noorjehan,Tanveer Naqvi,Khurshid Anwar,
kisii naragisii nazar ko dil de.nge ham,Main Nashe Mein Hoon,1959,Mukesh,Hasrat,Shankar-Jaikishan,tt0053035
kisii kii muskuraahaTo.n pe ho nisaar,Anaadi,1959,Mukesh,Shailendra,Shankar-Jaikishan,
nazar\-nazar se ho rahii hai baat pyaar kii,Main Nashe Mein Hoon,1959,"Mukesh, Lata",Shailendra,Shankar-Jaikishan,tt0053035
yaaro.n suurat hamaarii pe mat jaa_o,Ujaalaa,1959,"Mukesh, Rafi",Shailendra,Shankar-Jaikishan,
naa koii saiyyaa.N meraa ... piyaa piyaa kuuk naa papiihaa re,Pakistani-Film(Jhoomar),1959,Nahid Niazi,Qateel Shifai,Khurshid Anwar,
tumhe.n yaad hogaa kabhii ham mile the,Satta Bazar,1959,"Hemant, Lata",Gulshan Bawra,Kalyanji-Anandji,
teraa tiir o bepiir dil ke aarampaar hai,Sharaarat,1959,Lata,Shailendra,Shankar-Jaikishan,
rimajhim rimajhim pa.De phuhaar teraa meraa nit kaa pyaar,Pakistani-Film(Koel),1959,"Noorjehan, Munir Hussain",Tanveer Naqvi,Khurshid Anwar,
dukh jo di_e hai.n duniyaa ne mai.n jaanuu.N yaa tuu jaane,Naach Ghar,1959,"Rafi, Lata",Sahir,N Dutta,
ban ke pa.nchhii gaa_e.N pyaar kaa taraanaa,Anaadi,1959,Lata,Hasrat,Shankar Jaikishan,
kah do koii na kare yahaa.N pyaar,Goonj Uthi Shehnaai,1959,Rafi,Bharat Vyas,Vasant Desai,
yaaro.n kaa yaar li_e nakhare hazaar li_e,Kaali Topi Laal Roomaal,1959,"Rafi, Asha",Majrooh,Chitragupt,
"mujh ko yaaro.n maaf karanaa, mai.n nashe me.n huu.N",Mai Nashe Me Hoon,1959,Mukesh,Shailendra,Shankar-Jaikishan,
aa Tiin kanastar piiT\-piiT kar galaa phaa.D kar chillaanaa,Love Marriage,1959,Rafi,Shailendra,Shankar-Jaikishan,tt0245239
dil luuTane vaale jaaduugar ab maine tujhe pahachaanaa hai,Madaari,1959,"Mukesh, Lata",Faruk Kaisar,Kalyanji Anandji,
Tim\-Tim karate taare ye kahate hai.n saare,Chiraagh Kahaan Roshni Kahaan,1959,Lata,Ravi,Ravi,
jhuumataa mausam mast mahiinaa ... yaa allaah dil le ga_ii,Ujaalaa,1959,"Manna De, Lata",Hasrat,Shankar-Jaikishan,
nii baliye rut hai bahaar kii ... kuchh mat puuchho kaise biitii.n,Kanhaiyaa,1959,"Mukesh, Lata",Shailendra,Shankar-Jaikishan,
do roz me.n vo pyaar kaa aalam uja.D gayaa,Pyaar Ki Raahen,1959,Mukesh,Prem Dhawan,Kanu Ghosh,
kahaa.N hai.n ham ye aaj ... ijaazat ho to ham aa_e.N,Paighaam,1959,"Rafi, Asha",Pradeep,C Ramchandra,
ye jhuumate nazaare tum paas ho hamaare,Nai Raahen,1959,"Hemant, Lata",Prem Dhawan,Ravi,
zaraa Thaharo jii abdul gaffaar rumaal meraa le ke jaanaa,Satta Baazaar,1959,"Rafi, Suman",Hasrat,Kalyanji Anandji,
nahii.n kiyaa to karake dekh tuu bhii kisii pe mar ke dekh,Chaar Dil Chaar Raahen,1959,Mukesh,Sahir,Anil Biswas,
kho gayaa jaane kahaa.N,Mohar,1959,Hemant,Rajinder Krishan,Madan Mohan,tt0357912
tum ho saath raat bhii hasii.n hai,Mohar,1959,Lata,Rajinder Krishan,Madan Mohan,tt0357912
ham bhii is duniyaa me.n kyaa taqadiir lekar aaye hai.n,Pyaar Ki Raahen,1959,Asha,Prem Dhawan,Kanu Ghosh,
aa jaa rii chaa.Ndanii hamaarii galii chaa.Nd leke,Chaand,1959,"Lata, Chorus",Shailendra,Hemant Kumar,
priitam ye mat jaaniyo ... bhiigii palake.n uThaa merii jaa.N,Do Gunde,1959,"Rafi, Lata",Majrooh,Gulam Mohammad,tt2530482
tere binaa suunii suunii laage re chaa.Ndanii raat,Pakistani-film{Koel),1959,Noorjehan,Tanveer Naqvi,Khurshid Anwar,
dil kaa diyaa jalaayaa,Pakistani-Film(Koel),1959,Noorjehan,Tanveer Naqvi,Khurshid Anwar,
Galat hai luuT liyaa tumako husn vaalo.n ne,Chaand,1959,"Ranganath Jadhav, Chorus",Akhtar Lakhnavi,Hemant,
o bewafaa o bewafaa,Koel,1959,Noorjehan,Tanvir Naqvi,Khurshid Anwar,tt0234048
ye shahar ba.Daa alabelaa ... si.ngaapur,Singapore,1960,Mukesh,Shailendra,Shankar-Jaikishan,tt0268639
ye duniyaa rahe naa rahe kyaa pataa,Mitti Mein Sonaa,1960,Asha,Raja Mehdi Ali Khan,O. P. Nayyar,
beqasii had se jab guzar jaa_e,Kalpanaa,1960,Asha,Jaan Nisar Akhtar,O P Nayyar,
jaa_e jahaa.N merii nazar kaliyaa.N vahaa.N jaa_e.N bikhar,Kalpanaa,1960,Asha,Qamar Jalalabadi,O P Nayyar,
ye lakhana_uu kii sar-zamii.n,Chaudhvin Ka Chaand,1960,Rafi,Shakeel,Ravi,
dhokhaa khaa_egii naa yaaro.n kii nazar,Singapore,1960,Rafi,Shailendra,Shankar-Jaikishan,tt0268639
bahaaro.n se puuchho mere pyaar ko tum,Meraa Ghar Mere Bachche,1960,"Mukesh, Suman",Hasrat,Sardar Malik,
matavaalii naar Thumak Thumak chalii jaaye,Ek Phool Chaar Kaante,1960,Mukesh,Shailendra,Shankar-Jaikishan,
soch rahii thii kahuu.N naa kahuu.N par aaj kahuu.Ngii,Ek Phool Chaar Kaante,1960,Lata,Shailendra,Shankar-Jaikishan,
ye duniyaa gol hai,Chaudhvin Ka Chaand,1960,Rafi,Shakeel,Ravi,
saajan ye mat jaaniyo ... piyaa kaise miluu.N tumase,Saarangaa,1960,"Lata, Rafi",Bharat Vyas,Sardar Malik,
tuu hai meraa prem devataa,Kalpanaa,1960,"Rafi, Mahendra Kapoor, Other Voice?",Qamar Jalalabadi,O P Nayyar,
gum sum saa ye jahaa.N,Duniya Jhukti Hai,1960,"Hemant, Geeta",Rajinder Krishan,Hemant,tt0053787
pyaaraa pyaaraa ye samaa hai,Laal Quilaa,1960,Lata,Bharat Vyas,S N Tripathi,
mere TuuTe hue dil se koii to aaj ye puuchhe,Chhaliya,1960,Mukesh,Qamar Jalalabadi,Kalyanji-Anandji,
taqadiir ke chakkar ... Gam ho ke sitam tuu kabhii,Nai Maa,1960,Rafi,Sarvar,Ravi,
salaam-e-hasarat qubuul kar lo,Babar,1960,Sudha Malhotra,Sahir,Roshan,tt0215535
rut alabelii mast samaa.N saath hasii.n har baat javaa.N,Shreeman Satyawaadi/ Satyamev Jayate,1960,Mukesh,Gulzar,Duttaram,
tum ek baar muhabbat kaa imtahaan to lo,Babar,1960,Rafi,Sahir,Roshan,tt0215535
ko_ii ghar aayegaa pyaar jagaayegaa,Saarangaa,1960,"Lata, Chorus",Bharat Vyas,Sardar Malik,
"laharo.n pe lahar, ulfat hai javaa.n",Chhabili,1960,Hemant,S Ratan,Snehal Bhatkar,tt0269080
"vahii u.Dii\-u.Dii ghaTaae.n hai.n, ek tum nahii.n ho to",Mera Ghar Mere Bachche,1960,Mukesh,Hasrat,Sardar Malik,
meraa yaar banaa hai dulhaa,Chaudhvin Ka Chaand,1960,Rafi,Shakeel,Ravi,
phuulo.n se dostii hai kaa.NTo.n se yaarii hai,Duniyaa Jhukti Hai,1960,Rafi,Rajinder Krishan,Hemant Kumar,
o misTar dil ba.Dii mushakil me.n tuune aaj Daalaa,Jali Note,1960,"Asha, Rafi, chorus",Raja Mehdi Ali Khan,O P Nayyar,
ye dil kii lagii kam kyaa hogii,Mughal-e-Azam,1960,Lata,Shakeel,Naushad,tt0054098
ho maine pyaar kiyaa oy hoy kyaa jurm kiyaa,Jis Desh Mein Gangaa Behti Hai,1960,Lata,Hasrat,Shankar-Jaikishan,
"saara.ngaa terii yaad me.n, nain hue bechain",Saranga,1960,Mukesh / Rafi,Bharat Vyas,Sardar Malik,tt0214082
apanii to har aah ik tuufaan hai,Kaala Bazaar,1960,Rafi,Shailendra,S D Burman,
ai ishq ye sab duniyaa vaale,Mughal-e-Azam,1960,Lata,Shakeel,Naushad,tt0054098
dil ai dil bahaaro.n se mil,Ek Phool Chaar Kaante,1960,"Talat, Lata",Shailendra,Shankar-Jaikishan,
sa.mbhal ke karanaa jo bhii karanaa naazuk haatho.n vaale,Ek Phool Chaar Kaante,1960,Mukesh,Shailendra,Shankar-Jaikishan,
aa.Nkho.n me.n ra.ng kyuu.N aayaa,Ek Phool Chaar Kaante,1960,"Mukesh, Lata",Hasrat,Shankar-Jaikishan,
tum laakh chhupaanaa chaahoge par pyaar chhupaa naa paa_oge,Singapore,1960,"Rafi, Lata",Hasrat,Shankar-Jaikishan,tt0268639
pyaar kar le nahii.n to phaa.nsii cha.Dh jaa_egaa,Jis Desh Mein Gangaa Behti Hai,1960,Mukesh,Shailendra,Shankar-Jaikishan,
merii jaan kuchh bhii kiiji_e ... kabhii yaad hame.n bhii kiiji_e,Chhalia,1960,"Mukesh, Lata",Qamar Jalalabadi,Kalyanji-Anandji,tt0053708
ham jab chale.n to ye jahaa.N jhuume,Hum Hindustani,1960,Rafi,Sahir,Usha Khanna,tt0053928
ye vaadaa kare.n jahaa.N bhii rahe.n,Dil Bhi Teraa Hum Bhi Tere,1960,"Mukesh, Lata",Kanhaiya Lal Pardesi,Kalyanji-Anandji,
ik baat kahuu.N vallaah ... kaho kaisii rahii,Shreeman Satyawaadi/ Satyamev Jayate,1960,"Mukesh, Suman, Mahendra Kapoor",Gulzar,Duttaram,
lagataa nahii.n hai jii meraa uja.De dayaar me.n,Laal Quila,1960,Rafi,Bahadur Shah Zafar,S N Tripathi,
saa.Njh Dhalii dil kii lagii thak chalii pukaar ke,Kaalaa Baazaar,1960,"Manna Dey, Asha",Shailendra,S D Burman,
sharamaa ke ye kyo.n sab pardaanashii.n,Chaudhvin Ka Chaand,1960,"Asha, Shamshad, chorus",Shakeel,Ravi,
suuraj ke jaisii golaa_ii ... la_ii la_ii terii dhuum har kahii.n,Kaalaa Baazaar,1960,Rafi,Shailendra,S D Burman,
payaam-e-ishq muhabbat hame.n pasand nahii.n,Babar,1960,Sudha Malhotra,Sahir,Roshan,tt0215535
baalamaa re haay ... morii laT sulajhaa de,Hum Hindustani,1960,Asha,K Manohar,Usha Khanna,tt0053928
"raat nikharii huii, zulf bikharii huii",Hum Hindustani,1960,Mukesh,K Manohar,Usha Khanna,tt0053928
niilii\-niilii ghaTaa o bhiigii\-bhiigii havaa,Hum Hindustani,1960,"Mukesh, Asha",K Manohar,Usha Khanna,tt0053928
yah ra.ng bhare baadal ye u.Dataa hu_aa aa.Nchal,Tu Nahin Aur Sahi,1960,"Rafi, Asha",Asad Bhopali,Ravi,tt0158291
nigaaho.n ne phe.nkaa hai pa.nje pe chhakkaa,Jaali Note,1960,"Asha, Rafi",Anjaan,O P Nayyar,tt0130797
chaa.Nd zard zard hai,Jali Note,1960,"Rafi, Asha",Anjaan,O P Nayyar,
sochataa huu.N ye kyaa kiyaa mai.nne,Hamari Yaad Aayegi,1961,"Mukesh, Lata",Kidar Sharma,Snehal Bhatkar,tt0415024
kabhii tanahaaiyo.n me.n hamaarii yaada aaegii,Hamari Yaad Aayegi,1961,Mubarak Begum,Kidar Sharma,Snehal Bhatkar,tt0415024
aa.Nkho.n me.n terii yaad li_e jaa rahaa huu.N mai.n,Hamari Yaad Aayegi,1961,Mukesh,Kidar Sharma,Snehal Bhatkar,tt0415024
pyaar kii daastaa.N,pyaar kii daastaa.N,1961,"Talat Mahmood, Suman Kalyanpur",Sarvar,Nashad,
farishto.n kii nagarii me.n mai.n aa gayaa huu.N mai.n,Hamari Yaad Aayegi,1961,Mukesh,Kidar Sharma,Snehal Bhatkar,tt0415024
jawaa.N muhabbat hasiin aa.Nkho.n me.n,Hamari Yaad Aayegi,1961,"Lata,  Mukesh",Kidar Sharma,Snehal Bhatkar,tt0415024
dil to.D ke jaanaa hai phir kal hii chale ja_iyo,Hamari Yaad Aayegi,1961,Suman Kalyanpur,Kidar Sharma,Snehal Bhatkar,tt0415024
mujhe raat din ye Kyaal hai vo nazar se mujhako,Oomar Qaid,1961,Mukesh,Hasrat,Iqbal Qureshi,
nazar mere dil ke paar hu_ii,Jab Pyar Kisi Se Hota Hai,1961,Lata,Shailendra,Shankar-Jaikishan,
luT gayaa mere sapano.n kaa Deraa,Pyar Ki Dastan,1961,Rafi,Sarvar,Nashad,
mujhe apanaa yaar banaa lo phir dekho mazaa pyaar kaa,Boy Friend,1961,Rafi,Hasrat,Shankar-Jaikishan,tt0135168
din saaraa guzaaraa tore a.Nganaa ... mere yaar shab\-ba\-Kair,Junglee,1961,"Rafi, Lata",Hasrat,Shankar-Jaikishan,tt0055035
yahaa.N raat kisii kii rote kaTe yaa chain se sote,Jai Bhawani,1961,Mukesh,Gopal Singh Nepali,S Mohindar,
tum to dil ke taar chhe.Dakar,Roop Ki Rani Choron Ka Raja,1961,Talat,Hasrat,Shankar-Jaikishan,tt0055385
pyaar kii pyaas ... kyaa dharatii aur kyaa aakaash,Pyar Ki Pyas,1961,"Rafi, Lata",Bharat Vyas,Vasant Desai,tt0176074
ab chaar dino.n kii chhuTTii hai,Aas Ka Panchhi,1961,"Rafi, chorus",Hasrat,Shankar-Jaikishan,tt0053566
salaam aapakii miiThii nazar ko salaam,Boy Friend,1961,Rafi,Hasrat,Shankar-Jaikishan,tt0135168
"ye mausam ra.ngiin samaa, Thahar zaraa o jaan-e-jaa.N",Modern Girl,1961,"Mukesh, Suman Kalyanpur",Gulshan Bawra,Ravi,
terii nigaaho.n ne hame.n maar Daalaa,Pyase Panchhi,1961,"Mukesh, Lata",Qamar Jalalabadi,Kalyanji-Anandji,tt0156883
sau saal pahale mujhe tum se pyaar thaa,Asli Naqli,1961,Rafi,Hasrat,Shankar-Jaikishan,tt0244409
yaahuu chaahe ko_ii mujhe ja.ngalii kahe,Junglee,1961,Rafi,Shailendra,Shankar-Jaikishan,tt0055035
"ek vo bhii diwaalii thii, ek ye bhii diwaalii hai",Nazrana,1961,Mukesh,Rajinder Krishan,Ravi,tt0055220
ye raat ye fizaaye.n phir aaye yaa na aaye,Batwara,1961,"Rafi, Asha",Majrooh,S Madan,tt0371567
nain tumhaare mazedaar o janaab-e-aalii,Junglee,1961,"Mukesh, Asha",Hasrat,Shankar-Jaikishan,tt0055035
ye kisakaa lahuu hai kaun maraa,Dharmaputra,1961,"Mahendra Kapoor, Chorus",Sahir,N Dutta,
raat\-raat bhar jaag\-jaag kar intazaar karate hai.n,Pyar Ka Sagar,1961,Asha,Asad Bhopali,Ravi,tt0139549
o saajanaa na puuchh mujhase pyaar kyaa hai,Krorepati,1961,Lata,Shailendra,Shankar-Jaikishan,tt2113694
tum jaise biga.De baabuu se mai.n a.Nkhiyaa.N bachaa_uu.N,Jab Pyar Kisi Se Hota Hai,1961,Lata,Hasrat,Shankar-Jaikishan,
ai dil pyaar kii ma.nzil ab hai muqaabil dekh to le,Aas Ka Panchhi,1961,Mukesh,Shailendra,Shankar-Jaikishan,tt0053566
mujhe pyaar kii zi.ndagii dene vaale,Pyaar Ka Saagar,1961,"Rafi, Asha",Prem Dhawan,Ravi,tt0139549
hai ye zamii.n hamaarii ... saaraa jahaa.N hamaaraa hai,Sara Jahan Hamara,1961,Mukesh,Qamil Chandpuri,Babul,
ThaNDii havaa ye chaa.Ndanii suhaanii,Jhumroo,1961,Kishore,Majrooh,Kishore,tt0130803
ga.ngaa aaye kahaa.N se,Kabuliwala,1961,Hemant,Gulzar,Salil Choudhary,tt0055039
jaan\-e\-jaanaa.N tumhaare pyaar me.n shaitaan ban gayaa huu.N,Sasural,1961,Mukesh,Hasrat,Shankar-Jaikishan,tt0246916
"ehasaan teraa hogaa mujhapar, dil chaahataa hai vo kahane do",Junglee,1961,Rafi / Lata,Hasrat,Shankar-Jaikishan,tt0055035
"terii pyaarii-pyaarii suurat ko kisii kii nazar naa lage, chashm-e-bad duur",Sasural,1961,Rafi,Hasrat,Shankar-Jaikishan,tt0246916
yah phuulo.n kaa gajaraa yah meraa si.ngaar,Sara Jahan Hamara,1961,Suman,Anjum Jaipuri,Babul,
mere pyaar me.n yaa vafaa naa thii yaa hai bevafaa,First Love,1961,Mukesh,Gulshan Bawra,Duttaram,tt0140425
ruup tumhaaraa aa.Nkho.n se pii luu.N,Sapera,1961,Manna De,Indeevar,Ajit Merchant,
ba.Daa Kushanasiib hai jise tuu nasiib hai,Pyase Panchhi,1961,Mukesh,Indeevar,Kalyanji-Anandji,tt0156883
maano yaa na maano merii zindagii kii bahaar ho,First Love,1961,"Mukesh, Suman",Gulshan Bawra,Duttaram,tt0140425
o yaa qurbaan ... o sabaa kahanaa mere diladaar ko,Kabuliwala,1961,"Rafi, chorus",Prem Dhawan,Salil Choudhary,tt0055039
shamaa se ko_ii kah de ... sitaaro unase kahanaa,Jai Bhawani,1961,"Mukesh, Suman",G S Nepali,S Mohindar,
shamaa se ko_ii kah de ki tere rahate a.Ndheraa ho rahaa,Jai Bhawani,1961,"Mukesh, Suman",Gopal Singh Nepali,S Mohindar,
ko_ii hamadam naa rahaa ko_ii sahaaraa na rahaa,Jhumroo,1961,Kishor,Majrooh,Kishor Kumar,tt0130803
matavaale ham matavaale tum chalate rahe.n,Jhumroo,1961,Kishor,Majrooh,Kishor Kumar,tt0130803
sun more rasiyaa sun man\-basiyaa chho.D ke ab,Madan Manjari,1961,"Mukesh, Suman",Hasrat,Sardar Malik,
kahaa.N chhupe ho man ke ... ho saavan ke jhuule pa.De,Pyar Ki Pyas,1961,"Lata, Talat",Bharat Vyas,Vasant Desai,tt0176074
ek pyaasaa tujhe ... baazii kisii ne pyaar kii jiitii yaa haar dii,Nazrana,1961,Rafi,Rajinder Krishan,Ravi,tt0055220
saaz\-e\-dil chhe.D de kyaa hasii.n raat hai,Passport,1961,"Rafi, Lata",Farooq Kaisar,Kalyanji-Anandji,tt0134885
zubaan-e-yaar-man turkii,Ek Musaafir Ek Hasiinaa,1962,"Rafi, Asha",Shevan Rizvi,O P Nayyar,
ye hariyaalii aur ye raastaa,Hariyali Aur Rasta,1962,Lata,Hasrat,Shankar-Jaikishan,tt0156593
aap yuu.N hii agar hamase milate rahe,Ek Musafir Ek Hasina,1962,"Rafi, Asha",S H Bihari,O P Nayyar,tt0055949
tum jo aao to pyaar aa jaae,Sakhi Robin,1962,"Manna De, Suman Kalyanpur",Yogesh,Robin Banerjee,
"mai.n aashiq huu.N bahaaro.n kaa, fizaao.n kaa nazaaro.n kaa",Aashiq,1962,Mukesh,Shahryar,Shankar-Jaikishan,tt0054591
"chhoTii-sii ye duniyaa, pahachaane raaste hai.n",Rungoli,1962,Kishore / Lata,Shailendra,Shankar-Jaikishan,tt0056394
chaa chaa ... udhar vo chaal chalate hai.n,Ek Musafir Ek Hasina,1962,Asha,Shevan Rizvi,O P Nayyar,tt0055949
mai.n pyaar kaa raahii huu.N,Ek Musafir Ek Hasina,1962,"Rafi, Asha",Raja Mehdi Ali Khan,O P Nayyar,tt0055949
haa mujhase puuchhe binaa dil me.n ... ye to kaho kaun ho tum,Aashiq,1962,Mukesh,Shailendra,Shankar-Jaikishan,tt0054591
mujhe dekh kar aapakaa muskaraanaa,Ek Musafir Ek Hasina,1962,Rafi,Raja Mehdi Ali Khan,O P Nayyar,tt0055949
ek to suurat pyaarii aur uupar se ye naaz,Vallah Kya Baat Hai,1962,"Rafi, Asha",Prem Dhawan,Roshan,tt0176313
jaane merii a.nkhiyo.n ne dekhaa hai kyaa,Pyar Ki Jeet,1962,"Asha, Rafi",Qamar Jalalabadi,Sudhir Phadke,
maine kahaa tumase hame.n pyaar hai,Maa Beta,1962,"Mukesh, Lata",Prem Dhawan,Hemant Kumar,tt0355716
qasam Kudaa kii yaqiin ... tumhe.n mohabbat hai,Ek Musafir Ek Hasina,1962,"Rafi, Asha",S H Bihari,O P Nayyar,tt0055949
aajaa ke bulaate hai.n,Pathan,1962,Talat Mahmood,Khawar Zaman,Fakir Mohammad Asar Jimmy,
dhiire se gagarii utaar re meraa dhul dhul jaaye si.ngaar,Zindagi aur Hum,1962,Lata,Shiv Kumar,Roshan,
ye na thii hamaarii qisamat ki visaal\-e\-yaar hotaa,Ghalib (Pakistani-Film),1962,"Noorjehan, Salim Raza",Mirza Ghalib,Tasadduq Husain,
phir tere shahar me.n luTane ko chalaa aayaa huu.N,Ek Musafir Ek Hasina,1962,Rafi,Shevan Rizvi,O P Nayyar,tt0055949
ye mere a.Ndhere ujaale na hote,Prem Patra,1962,"Talat, Lata",Rajinder Krishan,Salil Choudhary,tt0056367
"Dhuu.NDhe nazar-nazar, meraa chaa.Nd hai kidhar",Dilli Ka Dada,1962,"Mahendra Kapoor, Asha",Jaan Nisar Akhtar,N Dutta,
"terii yaad dil se, bhulaane chalaa huu.N",Hariyali Aur Rasta,1962,Mukesh,Shailendra,Shankar-Jaikishan,tt0156593
chhe.Daa mere dil ne taraanaa tere pyaar kaa,Asli Naqli,1962,Rafi,Hasrat,Shankar-Jaikishan,tt0244409
taaro.n kii Tha.nDii chhai.nyaa ... saiyaa.n yaad rahe,Naag Devta,1962,"Mukesh, Suman",Qamar Jalalabadi,S N Tripathi,
ek nazar kisii ne dekhaa aur dil huaa diivaanaa,Rungoli,1962,"Lata, Kishore",Shailendra,Shankar-Jaikishan,tt0056394
khulii palak me.n jhuuthaa gussaa band palak me.n pyaar,Professor,1962,Rafi,Shailendra,Shankar-Jaikishan,tt0056379
merii tasaviir lekar kyaa karoge tum,Kaala Samundar,1962,"Rafi, Asha",Anand Bakshi,N Dutta,
kabhii tum bhii ham se the aashanaa tumahe.n yaad ho ki na yaad ho,Pakistani-film{Ghunghat),1962,Noorjehan,Tanveer Naqvi,Khurshid Anwar,
nazar bachaa kar chale gaye vo varanaa ghaayal kar detaa,Dil Tera Diwana,1962,Rafi,Hasrat,Shankar-Jaikishan,tt0250339
saavan kii raato.n me.n aisaa bhii hotaa hai,Prem Patra,1962,"Talat Mahmood, Lata",Gulzar,Salil Chowdhury,tt0056367
"laakho.n taare aasamaan me.n, ek magar Dhuu.NDe naa milaa",Hariyali Aur Rasta,1962,"Mukesh, Lata",Shailendra,Shankar-Jaikishan,tt0156593
"teraa meraa pyaar amar, phir kyo.n mujhako lagataa hai Dar",Asli Naqli,1962,Lata,Hasrat,Shankar-Jaikishan,tt0244409
bol merii taqadiir me.n kyaa hai mere hamasafar ab to bataa,Hariyali Aur Rasta,1962,"Lata, Mukesh",Shailendra,Shankar-Jaikishan,tt0156593
mujhe kitanaa pyaar hai tum se apane hii dil se puuchho tum,Dil Tera Diwana,1962,"Rafi, Lata",Shailendra,Shankar-Jaikishan,tt0250339
chal di_e de ke Gam ye na sochaa ke ham,Son Of India,1962,Lata,Shakeel,Naushad,tt0232674
ek baat puuchhataa huu.N gar tum buraa na maano,Banarsi Thug,1962,"Mukesh, Usha",Akhtar Warasi Lakhnawi,Iqbal Qureshi,
hame.n chaahe badanaam ... aa merii nazare hasii.n hai.n,Ek Musafir Ek Hasina,1962,Asha,Shevan Rizvi,O P Nayyar,tt0055949
ham terii lagan me.n magan bahut din bhaTake,Zindagi Aur Hum,1962,Lata,Shiv Kumar,Roshan,
hamako tumhaare ishq ne kyaa\-kyaa banaa diyaa,Ek Musafir Ek Hasina,1962,Rafi,Shevan Rizvi,O P Nayyar,tt0055949
jaa re jaa re merii chho.D chunariyaa,Zindagi aur Hum,1962,Lata,Shiv Kumar,Roshan,
ai merii jaan\-e\-vafaa maine dekhaa hai ye kyaa,Neeli Ankhen,1962,Mukesh,Gulshan Bawra,Duttaram,
ye ra.ng na chhuuTegaa ulfat kii nishaanii hai,China Town,1962,"Rafi, Asha",Majrooh,Ravi,tt0268220
ai mohabbat merii duniyaa me.n teraa kaam na thaa,Bees Saal Baad,1962,Lata,Shakeel,Hemant Kumar,tt0055783
sa.mbhal ke baiTho ... chaa.Nd hai taare bhii hai.n,Rooplekha,1962,"Rafi, Suman",Faruk Kaisar,Naushad,
sudh bisar gayii aaj,Sangeet Samrat Tansen,1962,"Rafi, Manna De",Shailendra,S N Tripathi,tt0368239
ik but banaa_uu.Ngaa teraa aur puujaa karuu.Ngaa,Asli Naqli,1962,Rafi,Hasrat,Shankar-Jaikishan,tt0244409
jaao jaao na.nd ke laalaa,Rungoli,1962,Lata,Shailendra,Shankar-Jaikishan,tt0056394
bijalii giraa ke aap Kud ... dil teraa diivaanaa,Dil Tera Diwana,1962,"Rafi, Lata",Shailendra,Shankar-Jaikishan,tt0250339
"tujhe jiivan kii Dor se, baa.Ndh liyaa hai, terii zulm\-o\-sitam",Asli Naqli,1962,"Rafi, Lata",Hasrat,Shankar-Jaikishan,tt0244409
kal kii daulat aaj kii Kushiyaa.N ... asalii kyaa hai naqalii kyaa hai,Asli Naqli,1962,Rafi,Shailendra,Shankar-Jaikishan,tt0244409
o shamaa mujhe phuu.nk de ... paravaane jaa hai ajab chalan,Aashiq,1962,"Mukesh, Lata",Shailendra,Shankar-Jaikishan,tt0054591
phir aane lagaa yaad vohii pyaar kaa aalam,Ye Dil Kisko Doon,1963,"Rafi, Usha Khanna",Qamar Jalalabadi,Iqbal Qureshi,tt0447559
ye Kaamoshiyaa.N ye tanahaaiyaa.N,Ye Raaste Hain Pyar Ke,1963,"Rafi, Asha",Rajinder Krishan,Ravi,
ye raaste hai.n pyaar ke chalanaa sa.Nbhal\-sa.Nbhalake,Yeh Raaste Hain Pyar Ke,1963,Asha,Rajinder Krishan,Ravi,
aaj ye merii zi.ndagii dekho Kushii me.n jhuumatii,Yeh Raaste Hain Pyar Ke,1963,Asha,Rajinder Krishan,Ravi,
merii pahalii aarazuu kaa ye salaam yaad rakhanaa,Pyar Ka Bandhan,1963,"Rafi, Asha",Qamar Jalalabadi,Ravi,
sun chaa.Nd merii ye daastaan,Naag Jyoti,1963,Mukesh,Bharat Vyas,Sardar Malik,
ye ra.ngiin mahafil gulaabii\-gulaabii,Shikari,1963,Asha,Qamar Jalalabadi,G S Kohli,tt0230771
ye kaisii ajab daastaa.N ho gayii hai,Rustom Sohrab,1963,Suraiyya,Qamar Jalalabadi,Sajjad,tt0133188
ai dil tujhe ab unase ye kaisii shikaayat hai,Shararat (Pakistani-Film),1963,Masood Rana,Masroor Anwar,Deboo Bhattacharya,
tunak tun\-tun bole jiyaa ... ise kahii.n pyaar pyaar pyaar ho naa jaa_e,Kahin Pyar Na Ho Jaye,1963,"Rafi, Lata",Qamar Jalalabadi,Kalyanji-Anandji,
vo din yaad karo,Hamrahi,1963,"Rafi, Lata",Hasrat,Shankar-Jaikishan,tt0254372
"ye din, din hai.n Kushii ke",Jab Se Tumhen Dekha Hai,1963,"Manna De, Suman Kalyanpur",Shailendra,Dattaram,
ye tanhaaii haay re haay re jaane phir aae naa aae,Tere Ghar Ke Saamne,1963,Lata,Hasrat,S D Burman,
Thumak\-Thumak mat chalo kisii kaa dil ta.Dapegaa,Kahin Pyar Na Ho Jaye,1963,Mukesh,Indeevar,Kalyanji-Anandji,
ye kis ne giit chhe.Daa,Meri Soorat Teri Aankhen,1963,"Mukesh, Suman Kalyanpur",Shailendra,S D Burman,
tujhe chaa.Nd kahuu.N yaa phuul kahuu.N,Sunehri Nagin,1963,"Mukesh, Lata",Farooq Kaisar,Kalyanji-Anandji,tt0242918
yaad torii aa_ii mai.n to chham\-chham ro_ii re,Faulad,1963,Asha,Farooq Qaisar,G S Kohli,tt0175608
"aa.Nchal me.n sajaa lenaa kaliyaa.n, zulfo.n me.n sitaare bhar lenaa",Phir Vahi Dil Laya Hoon,1963,Rafi,Majrooh,O P Nayyar,
yahaa.N koii nahii.n teraa mere sivaa,Dil Ek Mandir,1963,Rafi,Hasrat,Shankar-Jaikishan,tt0139157
"bandaa paravar, thaam lo jigar...phir vahii dil laayaa huu.N",Phir Vahi Dil Laya Hoon,1963,"Rafi, chorus",Majrooh,O P Nayyar,
phir tumhaarii yaad aayii ai sanam,Rustom Sohrab,1963,"Rafi, Manna Dey, Saadat Khan, Chorus",Qamar Jalalabadi,Sajjad Hussain,tt0133188
chorii\-chorii jo tumase milii ... ajii ise pyaar kahe.nge,Parasmani,1963,"Mukesh, Lata",Faruk Kaisar,Laxmikant Pyarelal,tt0242760
dil tuu bhii gaa pyaar me.n muskaraa,Hamrahi,1963,Rafi,Shailendra,Shankar-Jaikishan,tt0254372
mohe na yuu.N ghuur\-ghuur kar dekho,Mujhe Jeene Do/ Cry For Life,1963,"Lata, Chorus",Sahir,Jaidev,
mujhe tumase muhabbat hai magar mai.n kah nahii.n sakataa,Bachpan,1963,Rafi,Hasrat,Sardar Malik,tt28455705
ham tere pyaar me.n saaraa aalam kho baiThe,Dil Ek Mandir,1963,Lata,Hasrat,Shankar-Jaikishan,tt0139157
karake jisakaa i.ntazaar meraa dil gayaa haar,Hamrahi,1963,"Rafi, Lata",Shailendra,Shankar-Jaikishan,tt0254372
mast nazar dekh idhar ham hai.n vahii dilavaale,Ek Dil Sau Afsane,1963,Mukesh,Shailendra,Shankar-Jaikishan,tt0057024
ye jhuke\-jhuke nainaa ye laT balakhaatii,Bharosa,1963,Rafi,Rajinder Krishan,Ravi,tt0056866
"ik ghar banaauu.ngaa, tere ghar ke saamane",Tere Ghar Ke Saamne,1963,"Rafi, Lata",Hasrat,S D Burman,
churaa le naa tumako ye mausam suhaanaa,Dil Hi To Hai,1963,"Mukesh, Suman",Sahir,Roshan,tt0056998
"dil kaa bha.nvar kare pukaar, pyaar kaa raag suno",Tere Ghar Ke Saamne,1963,Rafi,Majrooh,S D Burman,
lag jaa gale ki phir ye hasii.n raat ho na ho,Woh Kaun Thi,1963,Lata,Raja Mehdi Ali Khan,Madan Mohan,tt0232960
ajii qiblaa mohataramaa kabhii sholaa kabhii nagmaa,Phir Wohi Dil Laya Hoon,1963,Rafi,Majrooh,O P Nayyar,tt0057409
"naazanii.n, ba.Daa ra.Ngii.n hai vaadaa teraa",Phir Vahi Dil Laya Hoon,1963,"Rafi, Asha",Majrooh,O P Nayyar,
aa.Nkho.n se jo utarii hai dil me.n,Phir Vahi Dil Laya Hoon,1963,Asha,Majrooh,O P Nayyar,
dekho bijalii Dole bin baadal kii,Phir Wohi Dil Laya Hoon,1963,"Asha, Usha",Majrooh,O P Nayyar,tt0057409
"laakho.n hai nigaaho.n me.n, zi.ndagii kii raah me.n",Phir Vahi Dil Laya Hoon,1963,Rafi,Majrooh,O P Nayyar,
ye vaadiyaa.N ye fizaae.N bulaa rahii hai.n tumhe.n,Aaj Aur Kal,1963,Rafi,Sahir,Ravi,tt0056805
khudaa\-e\-bartar,Taj Mahal,1963,Lata,Sahir,Roshan,tt0057555
"ye dil tum bin kahii.n lagataa nahii.n, ham kyaa kare.n",Izzat,1963,"Lata, Rafi",Sahir,Laxmikant-Pyarelal,tt30442114
kaahe itanaa gumaan chhori_e ye melaa do din kaa,Bharosa,1963,"Rafi, Asha",Rajinder Krishan,Ravi,tt0056866
piparaa ke patavaa sariikhe Dole manavaa,Godaan,1963,Rafi,Anjaan,Ravishankar,tt0370598
o bedardii kyuu.N ta.Dapaa_e ... o madhubainii kaahe lubhaa_e,Godaan,1963,"Geeta, Mahendra Kapoor, Chorus",Anjaan,Ravishankar,tt0370598
ye hawaa ye fizaa hai udaas jaise meraa dil aa bhii jaa,Gumrah,1963,Mahendra Kapoor,Sahir,Ravi,tt0057120
agar sun le to ik nagamaa huzuur\-e\-yaar laayaa huu.N,Ek Raaz,1963,Kishor,Majrooh,Chitragupt,tt0207445
ai dil kisii kii yaad me.n hotaa hai beqaraar kyuu.N,Ik Tera Sahara (Pakistan),1963,Saleem Raza,Qateel Shifai,Inayat Husein,
chalii aaj gorii piyaa kii nagariyaa,Godaan,1963,Lata,Anjaan,Ravi Shankar,tt0370598
hiyaa jarat rahat din rain,Godaan,1963,Mukesh,Anjaan,Ravi Shankar,tt0370598
tumako piyaa dil diyaa kitane naaz se,Shikari,1963,"Lata, Usha",Faruk Kaisar,G S Kohli,tt0230771
dilarubaa dil pe tuu ye sitam ki_e jaa ki_e jaa,Raj Kumar,1964,"Rafi, Asha",Shailendra,Shankar-Jaikishan,
jaane vaale zaraa hoshiyaar yahaa.N ke ham hai.n raaj kumaar,Rajkumar,1964,Rafi,Shailendra,Shankar-Jaikishan,tt0314557
tum sitam aur karo TuuTaa nahii.n dil ye abhii,Dulha Dulhan,1964,Mukesh,Indivar,Kalyanji Anandji,tt0058045
haae re haae ye mere haath me.n teraa haath ... merii jaa.N balle balle,Kashmir Ki Kali,1964,"Rafi, Asha",S H Bihari,O P Nayyar,tt0058257
paas baiTho tabiiyat bahal jaayegii,Punar Milan,1964,Rafi,Indeevar,C Arjun,
subhaan allaah hasii.n cheharaa ye mastaanaa adaa_e.N,Kashmir Ki Kali,1964,Rafi,S H Bihari,O P Nayyar,tt0058257
ye chaa.Nd saa roshan cheharaa (taariif karuu.N kyaa usakii),Kashmir Ki Kali,1964,Rafi,S H Bihari,O P Nayyar,tt0058257
jo pyaar tuune mujhako diyaa thaa,Dulha Dulhan,1964,Mukesh,Indivar,Kalyanji Anandji,tt0058045
aa.Nkho.n aa.Nkho.n me.n har ik raat guzar jaatii hai,Marvel Man,1964,Mubarak Begum,Yogesh,Robin Banerjee,
mai.n ye sochakar usake dar se uThaa thaa,Haqeeqat,1964,Rafi,Kaifi Azmi,Madan Mohan,tt0154565
haal\-e\-dil unako sunaanaa thaa sunaayaa naa gayaa,Fariyad,1964,Suman Kalyanpur,Kidar Sharma,Snehal Bhatkar,
vo dekho dekhaa dekh rahaa thaa papiihaa,Fariyad,1964,"Mahendra Kapoor, Suman Kalyanpur",Kidar Sharma,Snehal Bhatkar,
tum ne pukaaraa aur ham chale aae,Rajkumar,1964,"Suman Kalyanpur, Rafi",Shailendra,Shankar-Jaikishan,tt0314557
mujhe ye phuul na de,Ghazal,1964,"Rafi, Suman Kalyanpur",Sahir,Madan Mohan,tt0139237
ham ne tujh ko pyaar kiyaa hai jitanaa,Dulha Dulhan,1964,Mukesh,Indeevar,Kalyanji-Anandji,tt0058045
naach re man badkammaa Thumak\-Thumak badakammaa,Raj Kumar,1964,"Lata, Asha",Shailendra,Shankar-Jaikishan,
"dost dost naa rahaa, pyaar pyaar naa rahaa",Sangam,1964,Mukesh,Shailendra,Shankar-Jaikishan,tt0058547
terii nigaaho.n pe mar\-mar ga_e ham,Shabnam,1964,Mukesh,Javed Anwar,Usha Khanna,tt0155161
phir Thes lagii dil ko phir yaad ne ta.Dapaayaa,Kashmir Ki Kali,1964,Asha,S H Bihari,O P Nayyar,tt0058257
mai.n to kar\-kar binatii haar ga_ii,Pakistani-film{Chingari),1964,Noorjehan,Qateel Shifai,Khurshid Anwar,
tum hame.n pyaar karo yaa na karo,Kaise Kahoon,1964,Lata,Shakeel,S D Burman,
ye raat bahut ra.ngiin sahii,Shagoon,1964,Rafi,Sahir,Khayyam,tt0268631
tujhe pyaar karate hai.n karate rahe.nge,April Fool,1964,"Rafi, Suman",Hasrat,Shankar-Jaikishan,tt0244977
agar terii jalavaa\-numaa_ii na hotii,Beti Bete,1964,"Rafi, Suman",Hasrat,Shankar-Jaikishan,tt0057884
har dil jo pyaar karegaa vo gaanaa gaayegaa,Sangam,1964,"Mukesh, Lata, Mahendra Kapoor",Shailendra,Shankar-Jaikishan,tt0058547
kah do kah do jahaa.N se kah do ishq par zor nahii.n,April Fool,1964,"Rafi, Suman",Hasrat,Shankar-Jaikishan,tt0244977
ai sanam aaj ye qasam khaa_e.N,Jahanara,1964,"Lata, Talat",Rajinder Krishan,Madan Mohan,
o sanam tere ho ga_e ham pyaar me.n tere kho ga_e ham,Ayee Milan Ki Bela,1964,"Rafi, Lata",Shailendra,Shankar-Jaikishan,tt0233147
o re sanam dil ye kaise bataae,Pakistani-film{Tauba),1964,Noorjehan,Faiyaz Hashmi,A Hamid,
pyaar aa.Nkho.n se jataayaa to buraa maan ga_e,Ayee Milan Ki Bela,1964,Rafi,Hasrat,Shankar-Jaikishan,tt0233147
mai.n pyaar kaa diivaanaa sabase mujhe ulfat hai,Ayee Milan Ki Bela,1964,Rafi,Hasrat,Shankar-Jaikishan,tt0233147
ruk jaa ho ruk jaa rokataa hai ye diivaanaa,Mr. X in Bombay,1964,Kishor,Anand Bakshi,Laxmikant-Pyarelal,tt0357926
chhuune na duu.Ngii haath re najariyo.n se dil bhar duu.Ngii,Zindagi,1964,"Rafi, Asha",Hasrat,Shankar-Jaikishan,tt0058774
chhuune na duu.Ngii haath re najariyo.n se dil bhar duu.Ngii,Zindagi,1964,"Lata, Asha",Hasrat,Shankar-Jaikishan,tt0058774
kahii.n qaraar na ho aur kahii.n Kushii na mile,Chandi Ki Deewar,1964,Rafi,Sahir,N Dutta,tt0386371
merii jaan na zulfe.n kholo kahii.n raat Thahar naa jaa_e,Awara Baadal,1964,Mukesh,Jaan Nisar Akhtar,Usha Khanna,
jisake li_e ta.Dape ham ... yahii hai vo saa.Njh aur saveraa,Saanjh Aur Savera,1964,"Rafi, Asha",Hasrat,Shankar-Jaikishan,
yahii hai tamannaa tere dar ke saamane,Aapki Parchhaiyan,1964,Rafi,Raja Mehandi Ali Khan,Madan Mohan,
bahaar\-e\-husn terii ... jahaa.N tuu hai vahaa.N phir chaa.Ndanii,Aao Pyar Karen,1964,Rafi,Rajinder Krishan,Usha Khanna,
bhor bha_e nit suuraj uge ... Kabar morii naa liinii re,Sant Gyaneshwar,1964,Lata,Bharat Vyas,Laxmikant-Pyarelal,
banaa ke meraa muqaddar ... kyaa yuu.N hii ruuTh ke,Door Ki Awaz,1964,Rafi,Shakeel,Ravi,tt0214639
ye baat hotii hai paidaa janaab baraso.n me.n,Majboor,1964,Rafi,Anand Bakshi,Kalyanji-Anandji,
adaa qaatil nazar barq-e-balaa yuu.N bhii hai,Ghazal,1964,Asha,Sahir,Madan Mohan,tt0139237
ishaaro.n ishaaro.n me.n dil lene vaale,Kashmir Ki Kali,1964,"Rafi, Asha",S H Bihari,O P Nayyar,tt0058257
"hai duniyaa usii kii, zamaanaa usii kaa",Kashmir Ki Kali,1964,Rafi,S H Bihari,O P Nayyar,tt0058257
balamaa khulii havaa me.n,Kashmir Ki Kali,1964,Asha,S H Bihari,O P Nayyar,tt0058257
diivaanaa huaa baadal,Kashmir Ki Kali,1964,"Rafi, Asha",S H Bihari,O P Nayyar,tt0058257
kisii na kisii se kabhii na kabhii ... dil lagaanaa pa.Degaa,Kashmir Ki Kali,1964,Rafi,S H Bihari,O P Nayyar,tt0058257
mai.n huu.N diivaanaa ba.Daa mastaanaa,Haqdaar,1964,Mukesh,Prem Warbartani,Bulo C Rani,
ham bhii agar bachche hote ... ##happy birthday to you##,Door Ki Awaz,1964,"Asha, Manna Dey, Rafi, Chorus",Shakeel,Ravi,tt0214639
"ye samaa, samaa hai ye pyaar kaa",Jab Jab Phool Khile,1965,Lata,Anand Bakshi,Kalyanji-Anandji,tt0305689
sika.ndar bhii aaye ... na ko_ii rahaa hai ... ye desh aazaad ho ke rahegaa,Johar Mehmood in Goa,1965,"Mukesh, Usha Khanna",Qamar Jalalabadi,Kalyanji Anandji,tt0231827
nazar uThaa ki ye ra.ngii.n samaa.N rahe na rahe,Ek Saal Pehle,1965,"Talat Mahmood, Asha",Jaan Nisaar Akhtar,C Arjun,
"tum se achchhaa kaun hai, dil lo jigar lo jaan lo",Jaanwar,1965,Rafi,Hasrat,Shankar-Jaikishan,
"Tuka.De hai.n mere dil ke, ai yaar tere aa.Nsuu",Mere Sanam,1965,Rafi,Majrooh,O P Nayyar,tt0059445
dil\-e\-naadaa.N ko sa.Nbhaaluu.N to chale jaaiyegaa,Faraar,1965,Lata,Kaifi Azmi,Hemant Kumar,tt0244508
"ye hai reshamii, zulfo.n kaa andheraa na ghabaraaiye",Mere Sanam,1965,Asha,Majrooh,O P Nayyar,tt0059445
"laal chha.Dii maidaan kha.Dii, kyaa khuub la.Dii, kyaa khuub la.Dii",Jaanwar,1965,Rafi,Shailendra,Shankar-Jaikishan,
merii muhabbat javaa.N rahegii,Jaanwar,1965,Rafi,Hasrat,Shankar-Jaikishan,
pyaar kii daastaa.N tum suno to kahe.n,Faraar,1965,Lata,Kaifi Azmi,Hemant,tt0244508
ye kaun thak ke so rahaa,Tu Hi Meri Zindagi,1965,Asha,Neeraj,Rono Deb Mukherjee,tt1847735
ye zulf agar khul ke bikhar jaae to achchhaa,Kaajal,1965,Rafi,Sahir,Ravi,tt0139398
rokaa ka_ii baar mainne dil kii uma.ng ko,Mere Sanam,1965,"Rafi, Asha",Majrooh,O P Nayyar,tt0059445
phir terii yaad naye giit sunaane aa_ii,Bekhabar,1965,Rafi,Raja Mehdi Ali Khan,S Mohinder,
dhiire re chalo morii baa.nkii hiraniyaa,Johar Mehmood in Goa,1965,Mukesh,Qamar Jalalabadi,Kalyanji Anandji,tt0231827
a.Nkhiyo.n kaa nuur hai tuu a.Nkhiyo.n se duur hai tuu,Johar Mehmood in Goa,1965,"Mukesh, Suman",Qamar Jalalabadi,Kalyanji Anandji,tt0231827
"mai.n to ek khvaab huu.N, is khvaab se tuu pyaar na kar",Himalay Ki God Mein,1965,Mukesh,Qamar Jalalabadi,Kalyanji-Anandji,tt0156606
samajhii thii ke ye ghar meraa hai maaluum hu_aa mehamaan thii mai.n,Kaajal,1965,Asha,Sahir,Ravi,tt0139398
tumhe.n zindagii ke ujaale mubaarak a.ndhere hame.n,Purnima,1965,Mukesh,Gulzar,Kalyanji-Anandji,tt0139548
"ek tuu jo milaa, saarii duniyaa miilii, khilaa jo meraa dil",Himalay Ki God Mein,1965,Lata,Indeevar,Kalyanji-Anandji,tt0156606
jahaa.N Daal-Daal par sone kii chi.Diyaa.N karatii hai.n baseraa,Sikandar-e-Azam,1965,Rafi,Rajinder Krishan,Hansraj Behl,
jaag dil-e-diivaanaa rut jaagii vasl-e-yaar kii,Oonche Log,1965,Rafi,Majrooh,Chitragupt,tt0236554
"ye dard bharaa afasaanaa, sun le anajaan zamaanaa, zamaanaa",Shriman Funtoosh,1965,Kishore,Anand Bakshi,Laxmikant-Pyarelal,
"hamadam mere, maan bhii jaao",Mere Sanam,1965,Rafi,Majrooh,O P Nayyar,tt0059445
pukaarataa chalaa huu.N mai.n,Mere Sanam,1965,Rafi,Majrooh,O P Nayyar,tt0059445
"hue hai.n tum pe aashiq ham, bhalaa maano buraa maano",Mere Sanam,1965,Rafi,Majrooh,O P Nayyar,tt0059445
haa.N jii baabaa  haa.N jii baabaa,Mere Sanam,1965,"Asha, Rafi",Majrooh,O P Nayyar,tt0059445
ham ne to dil ko aapake kadamo.n pe rakh diyaa,Mere Sanam,1965,"Rafi, Asha",Majrooh,O P Nayyar,tt0059445
bolo jii bolo kuchh ... paravaanaa terii mahafil aayaa hai,Nishan,1965,"Mukesh, Suman",Javed Anwar,Usha Khanna,tt0154954
haay tabassum teraa ... dhuup khil ga_ii raat me.n,Nishan,1965,Rafi,Javed Anwar,Usha Khanna,tt0154954
pyaasii hiranii ban\-ban dhaa_e,Do Dil,1965,Lata,Kaifi Azmi,Hemant Kumar,tt0175572
saaraa moraa kajaraa chhu.Daayaa tuune,Do Dil,1965,"Rafi, Arti Mukherji",Kaifi Azmi,Hemant Kumar,tt0175572
uf kitanii ThaNDii hai ye rut sulaGe hai tanahaa_ii merii,Teen Deviyan,1965,"Lata, Kishore",Majrooh,S D Burman,
kar lo praNaam ai logo,(Non-film),1965,Asha,Pradeep,C Ramchandra,
"kaise din biite, kaise biitii ratiyaa",Anuradha,1965,Lata,Shailendra,Pt. Ravishankar,
kalpanaa ke ghana barasate,Amar Jyoti,1965,"Lata, Mahendra Kapoor",Bharat Vyas,Vasant Desai,
"chhuu lene do naazuk ho.nTho.n ko, kuchh aur nahii.n hai.n jaam hai.n ye",Kaajal,1965,Rafi,Sahir,Ravi,tt0139398
hame.n kaale haii.n to kyaa hu_aa dilavaale haii.n,Gumnaam,1965,"Rafi, Mehmood",Shailendra,Shankar-Jaikishan,tt0247394
jaan pahachaan ho,Gumnaam,1965,Rafi,Shailendra,Shankar-Jaikishan,tt0247394
gumanaam hai ko_ii badanaam hai ko_ii,Gumnaam,1965,Lata,Hasrat,Shankar-Jaikishan,tt0247394
ai nargis\-e\-mastaanaa bas itanii shikaayat hai,Arzoo,1965,Rafi,Hasrat,Shankar-Jaikishan,tt0058921
is duniyaa me.n jiinaa ho to sun lo merii baat,Gumnaam,1965,Lata,Hasrat,Shankar-Jaikishan,tt0247394
ho pyaar baa.NTate chalo,Hum Sab Ustad Hain,1965,Kishor,Asad Bhopali,Laxmikant-Pyarelal,tt0357769
aajaa re mere pyaar ke raahii,Oonche Log,1965,"Lata, Mahendra Kapoor",Majrooh,Chitragupt,tt0236554
terii yaad na dil se jaa sakii,Chand Aur Suraj,1965,Lata,Shailendra,Salil Chowdhury,tt0059023
sanam raah bhuule yahaa.N aate\-aate,Lutera,1965,Lata,Anand Bakshi,Laxmikant-Pyarelal,
thii shubha suhaaga kii raat madhur,Nai Umar Ki Nai Fasal,1965,Manna Dey,Manmohan Tiwari,Roshan,
pyaar kaa fasaanaa banaa le dil diivaanaa,Teesra Kaun,1965,"Mukesh, Lata",Anand Bakshi,R D Burman,tt0059787
din hai.n bahaar ke tere mere iqaraar ke,Waqt,1965,"Asha, Mahendra Kapoor, Chorus",Sahir,Ravi,tt0059893
na na karate pyaar tumhii.n se kar baiThe,Jab Jab Phool Khile,1965,"Rafi, Suman Kalyanpur",Anand Bakshi,Kalyanji-Anandji,tt0305689
abhii na paradaa giraa_o Thaharo,Non-film,1966,Hemant Kumar,Gulzar,Hemant Kumar,
hurre pyaar mohabbat ke sivaa ye zindagii kyaa zindagii,Pyar Mohabbat,1966,"Rafi, Asha",Hasrat,Shankar-Jaikishan,tt0274743
"huzuurevaalaa, jo ho ijaazat, to ham ye saare, jahaa.N se kah de.n",Ye Raat Phir Na Aayegi,1966,"Asha, Usha?",Aziz Kashmiri,O P Nayyar,
"yahii vo jagah hai, yahii vo fizaa hai",Ye Raat Phir Na Aayegi,1966,Asha,S H Bihari,O P Nayyar,
"meraa pyaar vo hai ke, mar kar bhii tum ko",Ye Raat Phir Na Aayegi,1966,Mahendra Kapoor,S H Bihari,O P Nayyar,
kitanii anjaanii suurate.n lekar ... jaane kahaa.N dekhaa hai,Biwi Aur Makaan,1966,Rafi,Gulzar,Hemant Kumar,
har tuka.Daa mere dil kaa detaa hai duhaa_ii,Yeh Raat Phir Na Aayegi,1966,Asha,Aziz Kashmiri,O P Nayyar,tt0061206
meraa naam hai umar jaanii khaa_uu.N roTii i.nglistaanii,Johar In Kashmir,1966,Mukesh,Indeevar,Kalyanji-Anandji,tt0231828
dabe labo.n se kabhii jo ko_ii,Biwi Aur Makan,1966,"Lata, Asha",Gulzar,Hemant Kumar,tt0244430
mai.n shaayad tumhaare liye ajanabii huu.N,Ye Raat Phir Na Aayegi,1966,Asha,S H Bihari,O P Nayyar,
phir miloge kabhii is baat kaa vaadaa karalo,Ye Raat Phir Na Aayegi,1966,"Rafi, Asha",S H Bihari,O P Nayyar,
ta.Dap ye din raat kii kasak ye bin baat kii,Aamrapali,1966,Lata,Shailendra,Shankar-Jaikishan,
muhabbat chiiz hai kyaa muhabbat karake dekhe.nge,Yeh Raat Phir Na Aayegi,1966,Asha,Aziz Kashmiri,O P Nayyar,tt0061206
ko_ii bechaaraa dil ko khokar,Sannata,1966,Lata,Gulzar,Hemant,tt0391442
din javaanii ke chaar yaar pyaar ki_e jaa,Pyar Kiye Ja,1966,Kishor,Rajinder Krishan,Laxmikant-Pyarelal,tt0176075
"aisaa hotaa to nahii.n, aisaa ho jaaye agar",Sannata,1966,Lata,Gulzar,Hemant,tt0391442
jannat kii tasviir ... kashmiir na de.nge,Johar In Kashmir,1966,Rafi,Indeevar,Kalyanji-Anandji,tt0231828
ye kalii jab talak phuul ban ke khile,Aaye Din Bahaar Ke,1966,"Lata, Mahendra Kapoor",Anand Bakshi,Laxmikant-Pyarelal,
badatamiiz kaho yaa kaho jaanavar meraa dil tere dil pe,Budtameez,1966,Rafi,Hasrat,Shankar-Jaikishan,tt0213532
milatii hai nazar nazaro.n se agar,Do Dilon Ki Daastaan,1966,"Rafi, Asha",Raja Mehdi Ali Khan,O P Nayyar,
kaajal vaale nain milaa ke kar ... are re re luuT liyaa re,Devar,1966,Rafi,Anand Bakshi,Roshan,tt0060306
dhaaginaa tinak dhin ... jab tak ye sa.nsaar nachaa_e,Mere Lal,1966,"Mukesh, Usha/ Usha",Majrooh,Laxmikant-Pyarelal,
aap naaraaz Kudaa Kair kare naaz\-o\-andaaz,Pyar Mohabbat,1966,Rafi,Shailendra,Shankar-Jaikishan,tt0274743
itanii ba.Dii duniyaa jahaa.N itanaa ba.Daa melaa,Toofan Mein Yeh Pyar Kahan,1966,Mohd. Rafi,Prem Dhawan,Chitragupt,
vo ha.Ns ke mile ham se ham pyaar samajh baiThe,Baharen Phir Bhi Aayengi,1966,Asha,S H Bihari,O P Nayyar,tt0060145
aaj ko_ii pyaar se dil kii baate.n kah gayaa,Sawan Ki Ghata,1966,Asha,S H Bihari,O P Nayyar,tt0176121
badal jaaye agar maalii ... bahaare.n phir bhii aaye.ngii,Baharen Phir Bhi Aayengi,1966,Mahendra Kapoor,Kaifi Azmi,O P Nayyar,tt0060145
aayaa hai mujhe phir yaad vo zaaliim guzaraa zamaanaa bachapan kaa,Devar,1966,Mukesh,Anand Bakshi,Roshan,tt0060306
"merii jaan tum pe sadake, ehasaan itanaa kar do",Saavan Ki Ghata,1966,Mahendra Kapoor / Asha,S H Bihari,O P Nayyar,
naa ye zamii.n thii naa aasamaa.N thaa,Sagaai,1966,"Rafi, Asha",Rajinder Krishan,Ravi,
chal haT rii hawaa ghuu.NghaT naa uThaa,Madar-E-Watan (Pakistan),1966,Noorjehan,Masroor Anwar,Salim Iqbal,
ajii pahalii mulaaqaat me.n nahii.n pyaar jataayaa karate,Do Dilon Ki Daastan,1966,"Rafi, Asha",Raja Mehandi Ali Khan,O P Nayyar,
"ye dil hai muhabbat kaa pyaasaa, is dil kaa ta.Dapanaa kyaa kahiye",Dil Ne Phir Yaad Kiya,1966,Mukesh,G L Rawal,Sonik-Omi,tt0371636
"shiishe se pii, yaa paimaane se pii",Phool Aur Patthar,1966,Asha,Shakeel,Ravi,tt0139525
dil ne phir yaad kiyaa,Dil Ne Phir Yaad Kiya,1966,"Rafi, Suman Kalyanpur, Mukesh",G L Rawal,Sonik-Omi,tt0371636
har qadam par nit na_e saa.Nche me.n,Pakistani-film{Mere Mahboob),1966,Noorjehan,Hamayat Ali Shayar,Khalil Ahmad,
gore haatho.n par na zulm karo,Pyaar Kiye Jaa,1966,Rafi,Rajinder Krishan,Laxmikant-Pyarelal,
tumhe.n yaad karate karate jaaegii rain saarii,Aamrapali,1966,Lata,Shailendra,Shankar-Jaikishan,
mai.n ne dekhaa thaa sapano.n me.n ek cha.ndrahaar,Gaban,1966,Lata,Hasrat,Shankar-Jaikishan,tt0060444
itanaa hai tumase pyaar mujhe mere raazadaar,Suraj,1966,"Rafi, Suman Kalyanpur",Hasrat Jaipuri,Shankar-Jaikishan,tt0061046
"saaz ho tum aavaaz huu.N mai.n, tum biinaa ho mai.n huu.N taar",Saaz Aur Awaz,1966,Rafi,Khumar Barabankvi,Naushad,
mai.n bevafaa nahii.n huu.N tere pyaar kii qasam,Preet Na Jane Reet,1966,Rafi,Qamar Jalalabadi,Kalyanji-Anandji,tt0371894
suunii raat me.n kho ga_e,Sannata,1966,Lata,Gulzar,Hemant,tt0391442
baadal to aa_e laharaa ke chhaa_e,Dillagi,1966,Lata,Yogesh,Rajesh Roshan,tt0350813
diyaa naa bujhe ... sun le pukaar aa_ii,Phool Aur Patthar,1966,Asha,Shakeel,Ravi,tt0139525
tum ishq kii mahafil ho ... ik baar phir kaho zaraa,Saaz Aur Awaz,1966,"Rafi, Asha",Khumar Barabankwi,Naushad,
"sajanavaa bairii ho gaye hamaar, chiThiyaa ho to har koii baa.Nche",Teesri Kasam,1966,Mukesh,Shailendra,Shankar-Jaikishan,tt0061072
zindagii me.n pyaar karanaa siikh le,Phool Aur Patthar,1966,Asha,Shakeel Badayuni,Ravi,tt0139525
aajaa re pyaar pukaare nainaa to ro\-ro haare,Dil Ne Phir Yaad Kiya,1966,Lata,G S Rawal,Sonik Omi,tt0371636
aap aa jaa_e.N to ... duniyaa me.n aisaa kahaa.N sabakaa nasiib hai,Devar,1966,Lata,Anand Bakshi,Roshan,tt0060306
diivaano.n se ye mat puuchho,Upkaar,1967,Mukesh,Qamar Jalalabadi,Kalyanji-Anandji,
ye hasii.n ye naazanii.n,Hamraaz (Pakistani-Film),1967,Mehdi Hasan,Qateel Shifai,Khurshid Anwar,
ye kaun chitrakaar hai ye kaun chitrakaar,Boond Jo Ban Gayi Moti,1967,Mukesh,Bharat Vyas,Satish Bhatia,
"mere desh kii dharatii, sonaa ugale ugale hiire motii",Upkaar,1967,"Mahendra Kapoor, chorus",Indeevar,Kalyanji-Anandji,
qariib aa ye nazar phir mile mile naa mile,Anita,1967,Lata,Raja Mehandi Ali Khan,Laxmikant-Pyarelal,tt0231150
tiir aa.Nkho.n kaa jigar ke paar kar do yaar tum,Gunahon Ka Devta,1967,Mukesh,Hasrat,Shankar-Jaikishan,tt0219071
aaj kii raat ye kaisii raat ki hamako nii.nd nahii.n aatii,Aman,1967,"Rafi, Saira Bano",Shailendra,Shankar-Jaikishan,tt0233193
umariyaa bin khevak kii naiyyaa,Majhli Didi,1967,Hemant Kumar,Neeraj,Hemant Kumar,tt0139447
jaan\-e\-tamannaa kyaa kar Daalaa,C.I.D. 909,1967,"Asha, Mahendra Kapoor",S H Bihari,O P Nayyar,tt0175508
nain milaakar chain churaanaa kisakaa hai ye kaam,Aamne Saamne,1967,Rafi,Anand Bakshi,Kalyanji-Anandji,tt0178181
"raat ke hamasafar, thak ke ghar ko chale",An Evening In Paris,1967,"Rafi, Asha",Shailendra,Shankar-Jaikishan,tt0074503
"duniyaa paagal hai, yaa phir mai.n diivaanaa",Shaagird,1967,"Rafi, I S Johar",Majrooh,Laxmikant-Pyarelal,
man ma.ndir ke devataa raakho laaj hamaarii,Lakhon Mein Ek (Pakistani Film),1967,Noor Jehan,"Fayyaz Hashmi, Tanvir Naqvi, Masroor Anwar",Nisar Bazmi,
ba.Dii mushkil se huaa teraa meraa saath piyaa,Lakhon Mein Ek (Pakistani Film),1967,Noorjehan,"Fayyaz Hashmi, Tanvir Naqvi, Masroor Anwar",Nisar Bazmi,
sharaabii\-sharaabii ye saawan ka mausam,Noorjehan,1967,Suman Kalyanpur,Shakeel,Roshan,tt0139502
chaahaa thaa banuu.N pyaar kii raaho.n kaa devataa,Gunahon Ka Devta,1967,Mukesh,Shailendra,Shankar-Jaikishan,tt0219071
"aasamaan se aayaa farishtaa, pyaar kaa sabak sikhalaane",An Evening In Paris,1967,"Rafi, Sharmila Tagore",Hasrat,Shankar-Jaikishan,tt0074503
merii taqadiir kahaa.N par ... raam kare kahii.n nainaa na ulajhe.n,Gunahon Ka Devta,1967,Lata,Hasrat,Shankar-Jaikishan,tt0219071
dil lagaakar aapase pachhataa rahe hai.n jaan\-e\-man,Around The World,1967,Mukesh,Hasrat,Shankar-Jaikishan,tt0061366
jab jab bahaar aa_ii aur phuul muskuraaye mujhe tum yaad aaye,Taqdeer,1967,"Lata / Rafi/ Mahendra Kapoor, Usha Mangeshkar, Usha Timothy",Anand Bakshi,Laxmikant-Pyarelal,tt0165973
duniyaa kii sair kar lo ... ##around the world in eight dollars##,Around The World,1967,"Mukesh, Sharda",Shailendra,Shankar-Jaikishan,tt0061366
dekhaa hai sabhii ne chaa.Nd ko use kyaa dekhe.n,Dil Ne Pukara,1967,Rafi,Indeevar,Kalyanji-Anandji,tt0175566
khaa_ii thii qasam ik raat sanam,Dil Ne Pukara,1967,Lata,Indeevar,Kalyanji-Anandji,tt0175566
vaqt karataa jo vafaa aap hamaare hote,Dil Ne Pukara,1967,Mukesh,Indeevar,Kalyanji-Anandji,tt0175566
"patthar ke sanam, tujhe hamane, muhabbat kaa khudaa jaanaa",Patthar Ke Sanam,1967,Rafi,Majrooh,Laxmikant-Pyarelal,tt0176012
kyo.n jhukii\-jhukii hai.n palake.n merii jaa.N ye baat kyaa hai,Chhaila Babu,1967,"Mukesh, Lata",Hasrat,Laxmikant-Pyarelal,
kis tarah jiite hai.n ye log bataa do yaaro.n,Nai Roshni,1967,Rafi,Rajinder Krishan,Ravi,tt0372448
chalo achchhaa hu_aa tum bhuul gaye,Lakhon Mein Ek (Pakistani-Film),1967,Noorjehan,Fayyaz Hashmi,Nisar Bazmi,
mast bahaaro.n kaa mai.n aashiq mai.n jo chaahe.n yaar karuu.N,Farz,1967,Rafi,Anand Bakshi,Laxmikant Pyarelal,tt0061650
"ham ne jo dekhe sapane, sach ho gae vo apane",Parivaar,1967,"Lata, Mahendra Kapoor",Gulshan Bawra,Kalyanji-Anandji,
mubaarak ho sab ko samaa ye suhaanaa (mai.n to diivaanaa diivaanaa),Milan,1967,Mukesh,Anand Bakshi,Laxmikant-Pyarelal,tt0061974
ba.De miyaa.N diivaane aise naa bano,Shagird,1967,"Rafi, I S Johar",Majrooh,Laxmikant-Pyarelal,tt0306065
"josh-e-javaanii haay, re haay",Around The World,1967,Mukesh,Shailendra,Shankar-Jaikishan,tt0061366
taaro.n se pyaare dil ke ishaare ... aanaa hii hogaa tujhe,Diwana,1967,Mukesh,Hasrat,Shankar-Jaikishan,tt0062897
aman kaa farishtaa kahaa.N jaa rahaa hai,Aman,1967,Rafi,Hasrat,Shankar-Jaikishan,tt0233193
jaane meraa dil kise Dhuu.NDh rahaa hai in harii\-bharii vaadiyo.n me.n,Laat Saheb,1967,Rafi,Hasrat,Shankar-Jaikishan,
ai chaa.Nd zaraa chhup jaa ai vaqt zaraa ruk jaa,Laat Saheb,1967,"Rafi, Asha",Shailendra,Shankar-Jaikishan,
dil le ga_ii le ga_ii ek chulabulii chulabulii naazanii.n,Laat Saheb,1967,Rafi,Hasrat,Shankar-Jaikishan,
pate kii baat kahegaa kahegaa jab bhii diivaanaa,Diwana,1967,Mukesh,Shailendra,Shankar-Jaikishan,tt0062897
aavaaraa ai mere dil,Raat Aur Din,1967,Lata,Shailendra,Shankar-Jaikishan,tt0156923
"raat aur din diyaa jale, mere man me.n phir bhii a.ndhiyaaraa hai",Raat Aur Din,1967,Lata,Shailendra,Shankar-Jaikishan,tt0156923
"dil kii girah khol do, chup na baiTho, koii giit gaao",Raat Aur Din,1967,"Lata, Manna De",Shailendra,Shankar-Jaikishan,tt0156923
chale jaanaa zaraa Thaharo kisii kaa dam nikalataa hai,Around The World,1967,"Mukesh, Sharda",Hasrat,Shankar-Jaikishan,tt0061366
"diivaanaa mujhako log kahe, mai.n samajhuu.N jag hai diivaanaa",Deewaanaa,1967,Mukesh,Hasrat,Shankar-Jaikishan,
mubaarak dene aa_e the ... ham to jaate apane gaa.Nv,Diwana,1967,Mukesh,Shailendra,Shankar-Jaikishan,tt0062897
tan me.n agni man me.n chubhan ... o rabbaa Kair,Laat Saheb,1967,"Rafi, Asha",Hasrat,Shankar-Jaikishan,
phuul saa cheharaa chaa.Nd sii ra.ngat chaal qayaamat,Raat Aur Din,1967,Rafi,Hasrat,Shankar-Jaikishan,tt0156923
saverevaalii gaa.Dii se chale jaae.Nge,Laat Saheb,1967,"Rafi, Chorus",Shailendra,Shankar-Jaikishan,
"dhaanii chunarii pahan, sajake banake dulhan (kaa.Nch kii chuu.Diyaa.N)",Hare Kaanch Ki Choodiyaan,1967,Asha,Shailendra,Shankar-Jaikishan,
ai husn\-parii\-cheharaa kyo.n itanii dardama.nd ho,Aman,1967,Rafi,Hasrat,Shankar-Jaikishan,tt0233193
tumhaare pyaar me.n ham ... shikaar karane ko aa_e,Shikar,1968,Rafi,Hasrat,Shankar-Jaikishan,tt0148841
jiiwan se lambe hai.n bandhuu ye jiiwan ke raste,Aashirwad,1968,Manna Dey,Gulzar,Vasant Desai,tt0147855
"dekhaa hai terii aa.Nkho.n me.n, pyaar hii pyaar beshumaar",Pyaar Hi Pyaar,1968,Rafi,Hasrat,Shankar-Jaikishan,
mai.n kahii.n kavi na ban jaa_uu.N tere pyaar me.n ai kavitaa,Pyaar Hi Pyaar,1968,Rafi,Hasrat,Shankar-Jaikishan,
tum pyaar se dekho ham pyaar se dekhe.n,Sapnon Ka Saudagar,1968,"Mukesh, Sharda",Shailendra,Shankar-Jaikishan,tt0232585
ham pe ilzaam ye kyuu.N hai ki mohabbat kii hai,Kahin Din Kahin Raat,1968,"Mahendra Kapoor, Asha",S H Bihari,O P Nayyar,tt0290689
le lo le lo sapano.n kaa saudaaGar aayaa,Sapnon Ka Saudagar,1968,Mukesh,Shailendra,Shankar-Jaikishan,tt0232585
hamasafar ab ye safar kaT jaa_egaa,Juari,1968,"Mukesh, Lata",Anand Bakshi,Kalyanji-Anandji,tt0063163
pahaluu me.n yaar ho to kis baat kii kamii hai,Shrimanji,1968,"Kishor, Asha",Ajiz Kashmiri,O P Nayyar,tt0293597
meraa pyaar bhii tuu hai ye bahaar bhii tuu hai,Sathi,1968,"Mukesh, Suman Kalyanpur",Majrooh,Naushad,
"cha.ndan-saa badan, cha.nchal chitavan, dhiire se teraa ye musakaanaa",Saraswatichandra,1968,Mukesh,Indeevar,Kalyanji-Anandji,tt0148706
"laakho.n hai yahaa.N dilavaale, aur pyaar nahii.n milataa",Kismat,1968,Mahendra Kapoor,S H Bihari,O P Nayyar,tt0213773
"parde me.n rahane do, pardaa na uThaao",Shikaar,1968,Asha,Hasrat,Shankar-Jaikishan,tt0148841
qaatil hai terii har adaa har dil hai tujh par fidaa,Lady Killer,1968,Mukesh,Indivar,Ajit Merchant,
tuu aa_e na aa_e magar jaane vaale terii yaad,Payal Ki Jhankar,1968,Lata,Rajinder Krishan,C Ramchandra,tt0259494
are o re dharatii kii tarah har dukh sah le,Suhaagraat,1968,Kishor,Indeevar,Kalyanji-Anandji,
mile na phuul to kaa.NTo.n se dostii kar lii,Anokhi Raat,1968,Rafi,Indeevar,Roshan,tt0147843
sharm aatii hai magar aaj ye kahanaa hogaa,Padosan,1968,Lata,Rajinder Krishan,R D Burman,tt0063404
aajaa mere pyaar ke sahaare abhii\-abhii,Humsaya,1968,Asha,S H Bihari,O P Nayyar,
"ham ne apanaa sab kuchh khoyaa, pyaar teraa paane ko",Saraswati Chandra,1968,Mukesh,Indeevar,Kalyanji-Anandji,
chale the saath mil kar chale.nge saath mil kar,Haseena Maan Jayegi,1968,Rafi,Akhtar Roomani,Kalyanji-Anandji,tt0239452
dilabar\-dilabar kahate\-kahate hu_aa diivaanaa,Haseena Maan Jayegi,1968,"Rafi, Lata",Qamar Jalalabadi,Kalyanji-Anandji,tt0239452
vo zi.ndagii ai merii bebasii,Sapnon Ka Saudagar,1968,Mukesh,Shailendra,Shankar-Jaikishan,tt0232585
"kahaa.N chal diye, idhar to aao",Jhuk Gaya Aasmaan,1968,Rafi,Hasrat,Shankar-Jaikishan,
falasafaa pyaar kaa tum kyaa jaano,Duniya,1968,Rafi,Hasrat,Shankar-Jaikishan,tt0062918
"likhe jo khat tujhe, vo terii yaad me.n",Kanyadaan,1968,Rafi,Neeraj,Shankar-Jaikishan,tt0320100
dil ke jharokhe me.n tujhako biThaakar,Brahmachari,1968,Rafi,Hasrat,Shankar-Jaikishan,tt0147925
kabhii ruk gaye to,Rahgir,1968,Hemant,Gulzar,Hemant,tt0237636
ik thaa bachapan,Aashirwad,1968,"Lata, chorus",Gulzar,Vasant Desai,tt0147855
jo guzar rahii hai mujh par use kaise mai.n bataa_uu.N,Mere Huzoor,1968,Rafi,Hasrat,Shankar-Jaikishan,tt0290763
"Gairo.n pe karam apano.n pe sitam, ai jaan\-e\-vafaa ye zulm na kar",Aankhen,1968,Lata,Sahir,Ravi,tt0230498
mere dil pe a.Ndheraa saa chhaane lagaa,Ek Phool Ek Bhool,1968,Rafi,Indivar,Usha Khanna,
dulhan se tumhaaraa milan hogaa o man tho.Dii dhiir,Anokhi Raat,1968,Mukesh,Indivar,Roshan,tt0147843
har cheharaa yahaa.N chaa.Nd to har zarraa sitaaraa,Aabroo,1968,Rafi,G S Rawal,Sonik Omi,tt0290393
aaj andhere ko miTaanaa ... ai mere soye hu_e pyaar,Payal Ki Jhankar,1968,Kishor/ Asha,Rajinder Krishan,C Ramchandra,tt0259494
ye parbato.n ke daayare ye shaam kaa dhuaa.N,Vasna,1968,"Lata, Rafi",Sahir,Chitragupt,
chho.D de saarii duniyaa kisii ke lie,Saraswati Chandra,1968,Lata,Indeevar,Kalyanji-Anandji,
mai.n to bhuul chalii baabul kaa des,Saraswati Chandra,1968,Lata,Indeevar,Kalyanji-Anandji,
mahalo.n kaa raajaa milaa,Anokhi Raat,1968,Lata,Indeevar,Roshan,tt0147843
haiyaa o ga.ngaa maiyaa ... ga.ngaa maiyaa me.n jab tak,Suhaagraat,1968,Lata,Indeevar,Kalyanji-Anandji,
phuul tumhe.n bhejaa hai khat me.n,Saraswati Chandra,1968,"Lata, Mukesh",Indeevar,Kalyanji-Anandji,
ye dil nahii.n ki jisake sahaare jiite hai.n,Aabroo,1968,Rafi,G S Rawal,Sonik Omi,tt0290393
"vo hasiin dard de do, jise mai.n gale lagaa luu.N",Hamsaaya,1968,Asha,Shevan Rizvi,O P Nayyar,
haath aayaa hai jab se teraa haath me.n,Dil Aur Mohabbat,1968,"Asha, Mahendra Kapoor",Shevan Rizvi,O P Nayyar,tt0062892
"dil kii aavaaz bhii sun, mere fasaane pe na jaa",Hamsaaya,1968,Rafi,Shevan Rizvi,O P Nayyar,
"aa.Nkho.n me.n qayaamat ke kaajal, ho.nTho.n pe gazab kii laalii hai",Kismat,1968,Mahendra Kapoor,S H Bihari,O P Nayyar,tt0213773
are bha_ii shriimaan jii ... kaho meharabaan jii,Shrimanji,1968,"Kishor, Mahendra Kapoor",Ajiz Kashmiri,O P Nayyar,tt0293597
o kanhaiyaa ... aaj panaghaT pe hai terii raadhaa,Humsaya,1968,Asha,S H Bihari,O P Nayyar,
ye samaa ye rut ye nazaare dil meraa machalane lagaa,Do Kaliyaan,1968,"Lata, Rafi",Sahir,Ravi,
yaaro hamaaraa kyaa,Abhilasha,1968,"Manna Dey, Bhupinder, Maruti",Majrooh,R D Burman,
gar tum bhulaa na doge,Yakeen,1969,Rafi,Hasrat,Shankar-Jaikishan,tt0158375
kuchh log ruuTh kar bhii,Pakistani-Film(Andleeb),1969,Noorjehan,Masroor Anwar,Nisar Bazmi,
nazar me.n bijalii adaa me.n shole,Prince,1969,Rafi,Farooq Kaisar,Shankar-Jaikishan,tt0064842
chale jaa chale jaa chale jaa jahaa.N pyaar mile,Jahan Pyaar Mile,1969,Rafi,Hasrat,Shankar-Jaikishan,
bach ke jaane na duu.Ngii diladaar terii merii laagii sarat,Prince,1969,"Rafi, Lata",Farooq Kaisar,Shankar-Jaikishan,tt0064842
jab\-jab apanaa mel hu_aa to dil ye pukaaraa,Mahua,1969,"Rafi, Sulakshana Pundit",Qamar Jalalabadi,Sonik Omi,
##verse## aaj kii raat chiraaGo.n kii lau uu.Nchii kar lo,Khamoshi,1969,Aarti Mukherjii,Gulzar,Hemant,tt0142431
madahosh havaa matavaalii fizaa ... dil apanaa diivaanaa lagataa hai,Prince,1969,Rafi,Farooq Kaisar,Shankar-Jaikishan,tt0064842
jo diyaa thaa tumane ik din,Sambandh,1969,"Mahendra Kapoor, Hemant Kumar",Pradeep,O P Nayyar,tt0362111
inasaano.n ne paise ke liye,Paisa Ya Pyaar,1969,Hemant,Sahir,Ravi,
kisii meharabaa.N kii nazar Dhuu.NDhate hai.n,Raja Saab,1969,Rafi/ Manhar,Anand Bakshi,Kalyanji-Anandji,tt0371908
ai jaan\-e\-bahaaraa.N jaan\-e\-karam,Jahan Pyaar Mile,1969,Rafi,Hasrat,Shankar-Jaikishan,
aa_o tumhe.n pyaar karanaa sikhaa_uu.N,Shatranj,1969,Rafi,Hasrat,Shankar-Jaikishan,tt0378751
tumhe.n mai.n agar apanaa saathii banaa luu.N,Shatranj,1969,"Rafi, Asha",S H Bihari,Shankar-Jaikishan,tt0378751
sajan tere pyaar me.n mai.n to hu_ii barabaad,Mahua,1969,"Omi, Asha",Qamar Jalalabadi,Sonik-Omi,
o ho o o o dharatii kahe pukaar ke,Dharti Kahe Pukar Ke,1969,Rafi,Majrooh,Laxmikant-Pyarelal,tt0215713
dost kahaa.N ko_ii tumasaa tumasaa nahii.n ko_ii ##mister##,Khamoshi,1969,Manna Dey,Gulzar,Hemant,tt0142431
o nii sultaanaa re pyaar kaa mausam aayaa,Pyar Ka Mausam,1969,"Rafi, Lata",Majrooh,R D Burman,tt0230670
ye shamaa to jalii roshanii ke li_e,Aya Sawan Jhoom Ke,1969,Rafi,Anand Bakshi,Laxmikant-Pyarelal,tt0229950
ye pardaa haTaa do zaraa mukha.Daa dikhaa do,Ek Phool Do Mali,1969,"Rafi, Asha",Prem Dhawan,Ravi,tt0214665
"ye reshamii zulfe.n, ye sharabatii aa.Nkhe.n",Do Raaste,1969,Rafi,Anand Bakshi,Laxmikant-Pyarelal,tt0064241
"tum jahaa.N ho vahaa.N, kyaa ye mausam nahii.n",Road To Sikkim,1969,Mukesh,Jalal Malihabadi,Vijaysinghji,
ye kyaa kiyaa re duniyaa vaale jahaa.N ke Gam,Beti,1969,Mukesh,Shakeel,Sonik Omi,tt0237035
"o nanhe se farishte, tujh se ye kaisaa naataa",Ek Phool Do Mali,1969,Rafi,Prem Dhawan,Ravi,tt0214665
mai.n Kud huu.N chandramukhii ... akelii huu.N mai.n piyaa aa,Sambandh,1969,Asha,Pradeep,O P Nayyar,tt0362111
abhii to raat baaqii hai ye Dhal jaaye to so jaanaa,Bandish,1969,Rafi,Akmal Hyderabadi,Usha Khanna,
"koraa kaagaz thaa ye man meraa, likh liyaa naam is pe teraa",Aradhana,1969,"Kishore, Lata",Anand Bakshi,S D Burman,tt0065416
"sun le baapuu ye paiGaam, merii chiTThii tere naam",Baalak,1969,Suman Kalyanpur,Bharat Vyas,Dattaram,
soch ke ye gagan jhuume abhii chaa.Nd nikal aaegaa,Jyoti,1969,"Manna De, Lata",Anand Bakshi,S D Burman,
"ye duniyaa vaale puuchh.Nge, mulaaqaat huii kya baat huii",Mahal,1969,"Asha, Kishore",Anand Bakshi,Kalyanji-Anandji,tt0275489
baaGo.n me.n bahaar hai,Aradhana,1969,"Rafi, Lata",Anand Bakshi,S D Burman,tt0065416
jo Kvaab sajaa hai palako.n me.n,Jiyo Aur Jeene Do,1969,Usha Mangeshkar,Naqsh Lyalpuri,Jaidev,
muqaabalaa hamase naa karo,Prince,1969,"Rafi, Lata, Asha",Hasrat,Shankar-Jaikishan,tt0064842
saa.Njh bha_ii jhaa.Njh bhed jiyaraa ke khole re,Sapna,1969,Usha Mangeshkar,V N Mangal,Jaidev,tt0244741
mai.n huu.N teraa giit gorii tuu hii merii taan hai,Mahua,1969,"Rafi, Asha",Qamar Jalalabadi,Sonik Omi,
janam-janam kaa saath hai nibhaane ko,Tumse Achcha Kaun Hai,1969,Rafi,Hasrat,Shankar-Jaikishan,
"vo parii kahaa.N se laauu.N, terii dulhan jise banaauu.N",Pehchaan,1969,"Suman Kalyanpur, Sharda, Mukesh",Varma Malik,Shankar-Jaikishan,
jaane na jaane ... mai.n huu.N pujaarii tuu merii devii,Bhai Bahen,1969,Mukesh,Narendra Sharma,Shankar-Jaikishan,tt0064085
ra.ngat terii suurat-sii kisii me.n nahii.n nahii.n,Tumse Achchhaa Kaun Hai,1969,"Lata, Rafi",Hasrat Jaipuri,Shankar-Jaikishan,
ai dost mere maine duniyaa dekhii hai,Sachaai,1969,"Rafi, Manna Day",Rajindra Krishan,Shankar-Jaikishan,tt0316521
dil karataa o yaaraa diladaaraa,Aadmi Aur Insaan,1969,"Mahendra Kapoor, Balbir, Joginder",Sahir,Ravi,tt0158449
tere chehare se haTe aa.Nkh to duniyaa dekhuu.N,Pyar Ka Sapna,1969,Rafi,Rajinder Krishan,Chitragupt,tt0244741
ai merii zindagii tuu nahii.n ajanabii,Pyar Ka Sapna,1969,"Rafi, Lata",Rajinder Krishan,Chitragupt,tt0244741
"aane se usake aae bahaar, jaane se usake jaae bahaar",Jeene Ki Raah,1969,Rafi,Anand Bakshi,Laxmikant-Pyarelal,tt0148353
chekhush nazaare ke khud pukaare hai,Pyar Ka Mausam,1969,Rafi,Majrooh,R D Burman,tt0230670
naa jaa o mere hamadam,Pyar Ka Mausam,1969,Lata,Majrooh,R D Burman,tt0230670
rone se aur ishq me.n bebaak ho gaye,? (Non-Film),1969,Lata,Ghalib,Hridaynath Mangeshkar,
pyaar to ik din honaa thaa ... ho gayaa,Ek Shriman Ek Shrimati,1969,"Rafi, Asha",Rajinder Krishan,Kalyanji-Anandji,tt0451048
tujhe suuraj kahuu.N yaa chandaa,Ek Phool Do Mali,1969,Manna De,Prem Dhawan,Ravi,tt0214665
Kushii kii vo raat aa ga_ii ko_ii giit jagane do,Dharti Kahe Pukar Ke,1969,Mukesh,Majrooh,Laxmikant-Pyarelal,tt0215713
merii aawaaz kisii shor me.n Gar Duub gayii,Us Raat Ke Baad,1970,Hemant Kumar,Gulzar,Hemant Kumar,
aahaa aahaa aa ye suhaanaa safar,Suhana Safar,1970,Rafi/ Suman,Anand Bakshi,Laxmikant-Pyarelal,tt0351790
aayaa na hamako pyaar jataanaa,Pehchaan,1970,"Mukesh, Suman Kalyanpur",Indeevar,Shankar-Jaikishan,
ye dil divaanaa hai dil to divaanaa hai,Ishq Par Zor Nahin,1970,"Lata, Rafi",Anand Bakshi,S D Burman,tt0065903
jo tumako ho pasa.nd vahii baat kare.nge,Safar,1970,Mukesh,Indeevar,Kalyanji-Anandji,tt0351790
"ye kis kaa tasavvur hai, ye kis kaa fasaanaa hai",non-Film,1970,Chitra Singh,Jigar Moradabadi,Jagjit Singh,
ham jiye.n yaa mare.n haay ham kyaa kare.n,Harishchandra Taramati,1970,"Asha, Usha Mangeshkar",Virendra Misra,Hridaynath Mangeshkar,
tho.Daa ruk jaayegii to teraa kyaa jaayegaa,Patanga,1970,Rafi,Indeevar,Shankar-Jaikishan,tt0232288
bas yahii aparaadh mai.n har baar karataa huu.N,Pehchaan,1970,Mukesh,Neeraj,Shankar-Jaikishan,
jii bhar ke dekh luu.N mai.n,Deedar,1970,Kishore,Varma Malik,Usha Khanna,tt0231434
tiitar ke do aage tiitar,Mera Naam Joker,1970,"Asha, Simi, Mukesh, Chorus",Hasrat,Shankar-Jaikishan,tt0066070
dekh sakate nahii.n tumako jii bhar ke ham,Ilzam,1970,Mukesh,Indivar,Usha Khanna,
yuu.Nhii tum mujhase baat karatii ho,Sachcha Jhootha,1970,"Rafi, Lata",Indeevar,Kalyanji-Anandji,
jiinaa yahaa.N maranaa yahaa.N,Mera Naam Joker,1970,Mukesh,Shaili Shailendra,Shankar-Jaikishan,tt0066070
tere ho.nTho.n ko terii laalii ko tere yauvan kii,Deedar,1970,Mukesh,Verma Malik,Usha Khanna,tt0231434
merii tamannaa_o.n kii taqadiir tum sa.Nvaar do,Holi Ayee Re,1970,Lata,Indeevar,Kalyanji-Anandji,tt0156611
motii jaisaa ra.ng a.ng me.n ras kaa saagar laharaa_e,Aansoo Aur Muskan,1970,Mukesh,Indeevar,Kalyanji-Anandji,tt0178191
nafarat karane vaalo.n ke siine me.n pyaar bhar duu.N,Johnny Mera Naam,1970,Kishore,Indeevar,Kalyanji-Anandji,
tere ho.nTho.n ko terii laalii ko tere yauvan kii hariyaalii ko,Deedar,1970,Mukesh,Verma Malik,Usha Khanna,tt0231434
mere man ke maanasarovar me.n tum kamal samaan khile ho sajan,Bhagwan Parshuram,1970,Asha,Madan,Jaikumar,tt0242309
"pal bhar ke liye koii hame.n pyaar kar le, jhuuThaa hii sahii",Johnny Mera Naam,1970,Kishore,Indeevar,Kalyanji-Anandji,
duniyaa ha.Nse ha.Nsatii rahe mai.n huu.N ga.Nvaar,Ganwaar,1970,Rafi,Rajinder Krishan,Naushad,tt0065758
ek teraa sundar mukha.Daa ek teraa pyaar,Bhai Bhai,1970,Rafi,Hasrat,Shankar-Jaikishan,
teraa chikanaa ruup hai aisaa anaar jaise gadariilaa,Ganwaar,1970,"Rafi, Asha",Rajinder Krishan,Naushad,tt0065758
"tum mujhe yuu.N, bhulaa naa paaoge",Pagla Kahin Ka,1970,Rafi,Hasrat,Shankar-Jaikishan,tt0268519
tum mujhe yuu.N bhulaa na paaoge,Pagla Kahin Ka,1970,Lata,Hasrat Jaipuri,Shankar-Jaikishan,tt0268519
kahataa hai jokar saaraa zamaanaa,Mera Naam Joker,1970,Mukesh,Neeraj,Shankar-Jaikishan,tt0066070
kar le dil kii baat aaj mauqaa hai,Pehchan,1970,"Mukesh, Lata",Verma Malik,Shankar-Jaikishan,tt0246848
chuu.Diyaa.N baazaar se ma.ngavaa de,Suhana Safar,1970,"Rafi, Asha",Anand Bakshi,Laxmikant-Pyarelal,tt0351790
are pyaar pe ko_ii bas to nahii.n hai,Umang,1970,Kishor,Hasrat,Shankar-Jaikishan,tt0155309
na ro tuu yahaa.N aise ... ai mere dil yahaa.N tuu akelaa nahii.n,Pagla Kahin Ka,1970,Rafi,S H Bihari,Shankar-Jaikishan,tt0268519
mere mahabuub tere dam se hai duniyaa me.n bahaar,Bhai Bhai,1970,Rafi,Hasrat,Shankar-Jaikishan,
kisii raah me.n kisii mo.D par ... mere hamasafar,Mere Humsafar,1970,"Mukesh, Lata",Anand Bakshi,Kalyanji-Anandji,tt0215988
kahii.n duur jab din Dhal jaaye,Anand,1970,Mukesh,Yogesh,Salil Choudhary,
mai.nne tere liye hii saat ra.ng ke sapane chune,Anand,1970,Mukesh,Gulzar,Salil Choudhary,
"zi.ndagii kaisii hai pahelii, haay",Anand,1970,Manna De,Yogesh,Salil Choudhary,
"na jiyaa laage na tere binaa meraa kahii.n, jiyaa laage na",Anand,1970,Lata,Yogesh,Salil Choudhary,
khudaa bhii aasamaa.N se jab zamii.n par dekhataa hogaa,Dharti,1970,Rafi,Rajinder Krishan,Shankar-Jaikishan,tt0354503
"ye duniyaa ye mahafil, mere kaam kii nahii.n",Heer Ranjha,1970,"Rafi, Lata",Kaifi Azmi,Madan Mohan,tt0318385
hai priit jahaa.N kii riit sadaa,Poorab Aur Paschim,1970,Mahendra Kapoor,Indeevar,Kalyanji-Anandji,
govind bolo hari gopaal bolo ... o rii o mose moraa shyaam ruuThaa,Johny Mera Naam,1970,Lata,Indeevar,Kalyanji-Anandji,tt0154685
koii jab tumhaaraa hR^iday to.D de,Poorab Aur Paschim,1970,Mukesh,Indeevar,Kalyanji-Anandji,
merii pyaarii bahaniyaa banegii dulhaniyaa,Sachcha Jhootha,1970,Kishor,Indeevar,Kalyanji-Anandji,
nekii terii saath chalegii baabaa,Aansoo Aur Muskan,1970,Mahendra Kapoor,Indeevar,Kalyanji-Anandji,tt0178191
"dil ko dekho, cheharaa na dekho, chehare ne laakho.n ko luuTaa",Sachcha Jhootha,1970,Kishore,Indeevar,Kalyanji-Anandji,
tere hasii.n badan me.n jo dil bhii hasii.n hotaa,Holi Ayee Re,1970,Mukesh,Indeevar,Kalyanji-Anandji,tt0156611
"dulhan chalii, o pahan chalii tiin ra.ng kii cholii",Poorab Aur Paschim,1970,"Mahendra Kapoor, chorus",Indeevar,Kalyanji-Anandji,
"khush rahe tuu sadaa, ye duaa hai merii",Khilona,1970,Rafi,Anand Bakshi,Laxmikant-Pyarelal,tt0148375
qasam hai tujhe mahafil kii ... piine se pilaane se,Deedar,1970,"Kishor, Usha Khanna",Verma Malik,Usha Khanna,tt0231434
mujhase bhalaa ye kaajal teraa nain base din\-rain,The Train,1970,"Rafi, Lata",Anand Bakshi,R D Burman,tt0246286
"jab bhii ye dil udaas hotaa hai, jaane kaun aas paas hotaa hai",Seema,1971,"Sharda, Rafi",Gulzar,Shankar-Jaikishan,tt0271166
vaqt tho.Daa saa abhii kuchh aur guzar jaane de,Seemaa,1971,"Kishore, Asha",Indeevar,Shankar-Jaikishan,
arre ##fashion## kii diivaanii ye gu.Diyaa.N hai.n japaanii,Adhikar,1971,Manna Dey and Chorus,Ramesh Pant,R D Burman,tt0283844
karii jo hamane zaraa sii chorii ... ye duniyaa terii na merii,Sansaar,1971,Kishore,Sahir,Chitragupt,
ye raat hai pyaasii\-pyaasii pyaasii naa guzar jaa_e,Chhoti Bahu,1971,Rafi,Kaifi Aazmi,Kalyanji-Anandji,tt0377636
jalatii hai duniyaa ... pyaar kii gaa.Dii chalatii rahe,Johar Mehmood In Hongkong,1971,"Mukesh, Usha Khanna",Qamar Jalalabadi,Kalyanji-Anandji,
"koii hotaa jisako apanaa, ham apanaa kah lete yaaro.n",Mere Apne,1971,Kishore,Gulzar,Salil Choudhary,tt0067421
milaa jo pyaar to ham pyaar ke qaabil naa rahe,Preet Ki Dori,1971,Kishor,Indivar,Kalyanji Anandji,
chuu.Dii nahii.n ye meraa,Gambler,1971,"Kishore, Lata",Neeraj,S D Burman,tt0275363
re man sur me.n gaa,Laal Pathhar,1971,"Asha, Manna De",Neeraj,Shankar-Jaikishan,
aa aajaa dikhaa_uu.N tujhe jannat kii shaam,Laal Pathhar,1971,Asha,Hasrat,Shankar-Jaikishan,
"koii maane yaa na maane, jo kal tak the an_jaane",Adhikar,1971,"Kishore, Asha",Ramesh Pant,R D Burman,tt0283844
ek Kabar aa_ii suno,Pyaar Ki Kahaani,1971,"Kishore, Lata",Anand Bakshi,R D Burman,
TaaiparaaiTar Tip Tip Tip Tip Tip Tip Tip Tip karataa hai,Bombay Talkie,1971,"Asha, Kishore",Hasrat Jaipuri,Shankar-Jaikishan,tt0065484
jinnaaraa ... saath tere hai ... jiivan se naa haar,Door Ka Raahi,1971,Kishor,A Irshad,Kishor Kumar,tt0233604
pahale sau baar idhar aur udhar dekhaa hai,Ek Nazar,1971,Lata,Majrooh,Laxmikant-Pyarelal,tt0068532
aaj mai.n javaan ho ga_ii huu.N,Main Sundar Hoon,1971,Lata,Anand Bakshi,Shankar-Jaikishan,
suno haal merii zindagii kaa mujhe pyaar milaa naa,Chandan,1971,Mukesh,Omkar Verma,Sonik Omi,
mai.nne Kud apanaa ghar jalaayaa hai,Parai Aag (Pakistan),1971,Noorjehan,Habib Jalib,Khurshid Anwar,
ai mere dil mat kar kisii pe aitabaar,Albelaa,1971,Kishor/ Lata,Hasrat,Shankar-Jaikishan,
bataa_uu.N baat to ... ye hai.n pyaar ke nazaare hulle hullaa re,Ek Thi Reeta,1971,"Asha, chorus",Prem Jalandhari,Jaidev,
aap yahaa.N aaye kisaliye? aapane bulaayaa isaliye,Kal Aaj Aur Kal,1971,"Kishore, Asha",Neeraj,Shankar-Jaikishan,tt0330505
"ye jo chilaman hai, dushaman hai hamaarii",Mehboob Ki Mehandi,1971,Rafi,Anand Bakshi,Laxmikant-Pyarelal,
ai shaam\-e\-Gam bataa ke sahar kitanii duur hai,Parai Aag (Pakistani-Film),1971,Mehdi Hasan,Habib Jalib,Khurshid Anwar,
jaane\-anajaane log mile magar ko_ii milaa naa apanaa,Jaane Anjaane,1971,Kishor,Hasrat,Shankar-Jaikishan,tt0268394
jiivan bhar Dhuu.NDhaa jisako vo pyaar milaa,Naadaan,1971,Mukesh,Hasrat,Shankar-Jaikishan,
he ma_ii jab\-jab piir pa.Dii ... o ambe maiyaa,Johar Mehmood In Hongkong,1971,"Mukesh, Rafi",Qamar Jalalabadi,Kalyanji-Anandji,
"Thaa.De rahiyo, o baa.Nke yaar re",Pakeezah,1971,Lata,Majrooh,Ghulam Mohammad,tt0067546
saare zamaane pe ... aap aa_e bahaar aa_ii,Aap Aaye Bahaar Aayee,1971,Rafi,Anand Bakshi,Laxmikant-Pyarelal,
"roz akelii aa_e, roz akelii jaae",Mere Apne,1971,Lata,Gulzar,Salil Choudhary,tt0067421
"mujhe jaa.N na kaho, merii jaa.N, merii jaa.N",Anubhav,1971,Geeta,Gulzar,Kanu Roy,tt0156290
"haal-chaal Thiik-Thaak hai, sab kuchh Thiik-Thaak hai",Mere Apne,1971,"Kishore, Mukesh",Gulzar,Salil Choudhary,tt0067421
puuchhe jo ko_ii mujhase bahaar kaisii hotii hai,Aap Aaye Bahaar Aayee,1971,Rafi,Anand Bakshi,Laxmikant-Pyarelal,
tumhii.n rahanumaa ho merii zindagii ke,Doraahaa,1971,Asha,Indeevar,Sapan-Jagmohan,
he re kanhaiyaa kisako kahegaa tuu maiyaa,Chhoti Bahu,1971,Kishor,Indeevar,Kalyanji-Anandji,tt0377636
tere ho.nTho.n ke do phuul pyaare\-pyaare,Paaras,1971,"Mukesh, Lata",Indeevar,Kalyanji-Anandji,
merii bagiyaa kii kalii tuu sadaa hii khilanaa,Doraahaa,1971,Asha,Indeevar,Sapan-Jagmohan,
gorii ke haath me.n jaise ye chhallaa,Melaa,1971,"Rafi, Lata",Majrooh,R D Burman,
"phir kahii.n, koii phuul khilaa, chaahat naa kaho usako",Anubhav,1971,Manna De,Kapil Kumar,Kanu Roy,tt0156290
chhal\-chhal bahatii ... maajhii naiyaa Dhuu.NDhe kinaaraa,Upahaar,1971,Mukesh,Anand Bakshi,Laxmikant-Pyarelal,
ai bas ab tarasaanaa chho.Do ... hame.n bahakaanaa chho.Do,Sansaar,1971,"Kishor, Asha",Sahir,Chitragupt,
mai.n ek raajaa huu.N tuu ik raanii hai,Upahaar,1971,Rafi,Anand Bakshi,Laxmikant-Pyarelal,
tum to sabake ho rakhawaale,Adhikar,1971,Asha,Ramesh Pant,R D Burman,tt0283844
"suunii re nagariyaa, suunii re sejariyaa",Upahaar,1971,Lata,Anand Bakshi,Laxmikant-Pyarelal,
ik miiThii sii chubhan,Reshma Aur Shera,1971,Lata,Udhav Kumar,Jaidev,tt0067668
aisii chiiz sunaa_e.N ... jiinaa to hai usii kaa,Adhikaar,1971,Rafi,Ramesh Pant,R D Burman,
rekhaa o rekhaa jab se tumhe.n dekhaa,Adhikaar,1971,Rafi,Ramesh Pant,R D Burman,
ham chaahe.n yaa na chaahe.n,Phir Bhi,1971,Hemant,Pt. Narendra Sharma,Raghunath Seth,tt0391399
"kuchh to log kahe.nge, logo.n kaa kaam hai kahanaa",Amar Prem,1971,Kishore,Anand Bakshi,R D Burman,tt0066758
kahii.n haath ham se chhu.Daa to na loge,Ek Thi Reeta,1971,Asha,Sarshar Sailani,Jaidev,
o o ye dil le kar nazaraanaa aa gayaa teraa diivaanaa,Ek Baar Muskuraa Do,1972,"Mukesh, Asha",S H Bihari,O P Nayyar,
tuu auro.n kii kyo.n ho gayii,Ek Bar Muskuraa Do,1972,Kishore,Indeevar,O P Nayyar,
savere kaa suuraj tumhaare liye hai,Ek Bar Muskuraa Do,1972,Kishore,Indeevar,O P Nayyar,
"ruup teraa aisaa, darapaN me.n naa samaay",Ek Bar Muskuraa Do,1972,Kishore,Indeevar,O P Nayyar,
madabharii ye hawaae.N paas aae.N,Anokha Daan,1972,Lata,Gulzar,Salil Chowdhury,tt0275922
hame.n yaad kabhii tum kar lenaa,Anokhaa Daan,1972,Lata,Yogesh,Salil Chowdhury,
"musaafir huu.N yaaro.n, naa ghar hai naa Thikaana",Parichay,1972,Kishore,Gulzar,R D Burman,tt0216067
ye raakhii ba.ndhan hai aisaa,Beimaan,1972,"Mukesh, Lata",Varma Malik,Shankar-Jaikishan,tt0149814
ek naa ek din ye kahaanii banegii,Goraa Aur Kaalaa,1972,Rafi,Anand Bakshi,Shankar-Jaikishan,
ye zulf kaisii hai za.njiir jaisii hai,Piyaa Ka Ghar,1972,"Rafi, Lata",Anand Bakshi,Laxmikant-Pyarelal,
yaarii ho ga_ii yaar se,Do Chor,1972,Lata,Majrooh,R D Burman,tt0284056
prabhuu jii mere avagun chit naa dharo,Kangan,1972,"Ashok Kumar, Chorus",Indeevar,Kalyanji-Anandji,tt0373959
raato.n ke saaye ghane jab bojh dil par bane,Annadata,1972,Lata,Yogesh,Salil Choudhary,tt0068215
ye javaanii hai diivaanii,Jawani Diwani,1972,Kishore,Anand Bakshi,R D Burman,tt0155775
"tum kitanii khuubasuurat ho, ye mere dil se puuchho",Jungle Mein Mangal,1972,Kishore,"Hasrat, Neeraj",Shankar-Jaikishan,
pyaar ko chaahi_e kyaa ek nazar,Ek Nazar,1972,Kishor,Majrooh,Laxmikant-Pyarelal,tt0068532
nafarat se jinhe.n tum ... zamaane kii aa.Nkho.n ne,Ek Baar Muskuraa Do,1972,Rafi,S H Bihari,O P Nayyar,
chehare se zaraa aa.Nchal jab aapane sarakaayaa,Ek Baar Muskuraa Do,1972,"Mukesh, Asha",S H Bihari,O P Nayyar,
tere vishaal hR^iday ne paa_ii saato.n saagar kii gaharaa_ii,Maanavtaa,1972,Kishor,Indeevar,Kalyanji-Anandji,
jab tum ho mere hamasafar Kuubasuurat,Aanbaan,1972,Rafi,Hasrat,Shankar-Jaikishan,
nain hamaare saa.Njh sakaare dekhe.n laakho.n sapane,Annadata,1972,Mukesh,Yogesh,Salil Chowdhury,tt0068215
o ba.De bevafaa hai.n ye husn vaale,Roop Teraa Mastaanaa,1972,Rafi,Asad Bhopali,Laxmikant-Pyarelal,
hamaare sivaa tumhaare aur kitane diivaane hai.n,Aparaadh,1972,"Kishor, Lata",Indeevar,Kalyanji-Anandji,
he tuu naa milii to ham jogii ban jaa_e.Nge,Victoria No. 203,1972,Kishor,Indeevar,Kalyanji-Anandji,tt0158331
raaste kaa patthar qismat ne mujhe banaa diyaa,Raaste Ka Patthar,1972,Mukesh,Anand Bakshi,Laxmikant-Pyarelal,
o tushimaa rii tushimaa aaj jaane kis kaaraN,Yeh Gulistaan Hamaaraa,1972,Lata,Anand Bakshi,S D Burman,
do qadam tum bhii chalo do qadam ham bhii chale.n,Ek Haseena Do Deewaane,1972,"Mukesh, Lata",Qafil Azar,Kalyanji-Anandji,
saamane ye kaun aayaa dil me.n huii halachal,Jawani Diwani,1972,Kishore,Anand Bakshi,R D Burman,tt0155775
aaj bhii suuraj Duub gayaa hai,Naag Mani,1972,Noorjehan,Fayyaz Hashmi,Nisar Bazmi,
pag laage daasii daras kii pyaasii,Naag Mani (Pakistan),1972,"Noorjehan, Chorus",Habib Jalib,Nisar Bazmi,
hamii.n kare.n ko_ii surat u.nhe.n bulaane kii,Ek Nazar,1972,Lata,Majrooh,Laxmikant-Pyarelal,tt0068532
"pattaa pattaa buuTaa buuTaa, haal hamaaraa jaane hai",Ek Nazar,1972,"Rafi, Lata",Mir Taqi Mir,Laxmikant-Pyarelal,tt0068532
mujh ko Gam\-e\-haalaat,Pakistani-film{Suhag),1972,Noorjehan,Masroor Anwar,Nashad,
raam prabhu aadhaar,Sant Tulsidas,1972,Bhimsen Joshi,Bhagwat Mishra,Ram Kadam,
"ye vahii giit hai, jisako maine, dha.Dakan me.n basaayaa hai",Man Jaiye,1972,Kishore,Naqsh Lyallpuri,Jaidev,tt0230479
bolo be_iimaan kii jay ... naa izzat kii chintaa,Beimaan,1972,Mukesh,Verma Malik,Shankar-Jaikishan,tt0149814
aa.Nkho.n\-aa.Nkho.n me.n baat hone do,Aankhon Aankhon Mein,1972,"Kishor, Asha",Hasrat,Shankar-Jaikishan,tt0229949
kar bhalaa hogaa bhalaa ant bhale kaa bhalaa,Taangewaalaa,1972,Mukesh,Majrooh,Naushad,
nahii.n nahii.n abhii nahii.n abhii karo intazaar,Jawani Diwani,1972,"Kishore, Asha",Anand Bakshi,R D Burman,tt0155775
terii\-merii merii\-terii nazar la.D ga_ii,Subah-O-Shaam,1972,"Kishor, Asha",Anand Bakshi,Laxmikant-Pyarelal,
jiine kaa din mar jaane kaa mausam,Gomti Ke Kinaare,1972,"Lata, Kishore",Majrooh,R D Burman,
mai.n to chalaa jidhar chale rastaa,Dhadkan,1972,Kishor,"Ravi, Prem Dhawan",Ravi,
ik tum paas na aanaa duur\-duur hii rahanaa,Raaste Ka Patthar,1972,"Mukesh, Asha",Anand Bakshi,Laxmikant-Pyarelal,
baaGo.n me.n bahaar aaii  ho.nTho.n pe pukaar aaii,Mom Ki Gudiya,1972,"Lata, Anand Bakshi",Anand Bakshi,Laxmikant-Pyarelal,
agar saaz chhe.Daa taraane bane.nge,Jawani Diwani,1972,"Kishore, Asha",Anand Bakshi,R D Burman,tt0155775
dil ne pyaar kiyaa hai ik bevafaa se,Sharaarat,1972,Rafi,Hasrat,Ganesh,
ek do tiin chaar paa.Nch chhe aur saat,Sanjog,1972,Kishore,Anand Bakshi,R D Burman,tt0069218
achchhii nahii.n sanam dillagii dil-e-beqaraar se,Raakhee Aur Hathkadi,1972,"Kishore, Asha",Majrooh,R D Burman,
"ik pyaar kaa naGamaa hai, maujo.n kii ravaanii hai",Shor,1972,"Lata, Mukesh",Santosh Anand,Laxmikant-Pyarelal,tt0234724
"ek pyaar kaa naGamaa hai, maujo.n kii ravaanii hai",Shor,1972,"Mukesh, Lata",Majrooh,Laxmikant-Pyarelal,tt0234724
jaane mujhe tuune yah kyaa chiiz pilaa dii,Nainaa,1973,"Kishor, Sharda",Indeevar,Shankar-Jaikishan,
qasame.n ham apanii jaan kii khaae chale gae,Mere Gharib Nawaz,1973,Anwar,Mehboob Sarwar,Kamal Rajasthani,
tumhaarii beruKii se pareshaa.N hai.n nazaare,Yauwan,1973,Kishore,Omkar Verma,Sonik-Omi,
chandaa maamaa bole ... tuu so jaa re,Badaa Kabutar,1973,Asha,Yogesh,R D Burman,
mere ghar aap aaye ... ek tuu hai piyaa jis pe dil aa gayaa,Praan Jaaye Par Vachan Na Jaaye,1973,Asha,S H Bihari,O P Nayyar,
"ye dil aur unakii, nigaaho.n ke saaye",Prem Parbat,1973,Lata,Jaan Nisar Akhtar,Jaidev,tt0379445
ye samajho aur samajhaa_o ... daal\-roTii khaa_o,Jwaar Bhaataa,1973,"Kishor, Lata",Rajindra Krishan,Laxmikant-Pyarelal,
"nainaa hai.n pyaase mere, pyaasaa hai praaN meraa",Aavishkaar,1973,Asha,Kapil Kumar,Kanu Roy,
samajhautaa Gamo.n se kar lo,Samjhautaa,1973,Kishor,Indeevar,Kalyanji-Anandji,
idhar intazaar udhar intazaar tuu bhii beqaraar,Intezaar,1973,Mukesh,Verma Malik,Chitragupt,
Maa.n ko pukaar kar ... mere laal,Aavishkaar,1973,Manna Dey,Gyan Dev Agnihotri,Kanu Roy,
bikaaner kii chunarii o.Dhii,Praan Jaaye Par Vachan Na Jaaye,1973,Asha,S H Bihari,O P Nayyar,
haay aa ke dard jawaa.N hai,Praan Jaaye Par Vachan Na Jaaye,1973,Asha,Ahmad Warasi,O P Nayyar,
"chain se hamako kabhii, aapane jiine naa diyaa",Praan Jaaye Par Vachan Na Jaaye,1973,Asha,S H Bihari,O P Nayyar,
har hasii.n chiiz kaa mai.n talab_gaar huu.N,Saudagar,1973,Kishore,Ravindra Jain,Ravindra Jain,tt0070637
luuTe koii man kaa nagar ban ke meraa saathii,Abhimaan,1973,"Manhar, Lata",Rajinder Krishan,S D Burman,tt0069671
lekar ham diiwaanaa dil,Yaadon Ki Baaraat,1973,"Kishore, Asha",Majrooh,R D Burman,tt0070935
ye niir kahaa.N se barase hai,Prem Parbat,1973,Lata,Padma Sachdev,Jaidev,tt0379445
yaado.n kii baaraat nikalii hai,Yaadon Ki Baaraat,1973,"Kishore, Rafi/ Lata, Padmini, Shivangi, Chorus",Majrooh,R D Burman,tt0070935
"chal chale.n ai dil chale.n chal, jhiil ke us paar",Jheel Ke Us Paar,1973,Lata,Anand Bakshi,R D Burman,tt0070241
gorii gorii gaa.Nv kii gorii re,Ye Gulistaan Hamara,1973,"Kishore, Lata",Anand Bakshi,S D Burman,
yaarii hai iimaan meraa yaar merii zi.ndagii,Zanjeer,1973,Manna De,Gulshan Bawra,Kalyanji-Anandji,tt0070947
haay taubaa\-taubaa ye javaanii ... ye maanaa merii jaa.N,Hanste Zakhm,1973,"Rafi, Balbeer",Kaifi Azmi,Madan Mohan,tt0154563
mai.n tujhase milane aa_ii ma.ndir jaane ke bahaane,Heeraa,1973,"Rafi, Lata",Indeevar,Kalyanji-Anandji,
sabake rahate lagataa hai aise ko_ii nahii.n hai meraa,Samjhautaa,1973,Rafi,Indeevar,Kalyanji-Anandji,
uupar jaa ke yaad aa_ii.n niiche kii baate.n,Paanch Dushman,1973,Kishor,Majrooh,R D Burman,tt0430441
gho.Dii pe ho ke savaar chalaa hai duulhaa yaar,Gulaam Begum Baadshaah,1973,Rafi,Rajindra Krishan,Kalyanji-Anandji,
"har taraf ab yahii afasaane hai.n, ham terii aa.Nkho.n ke",Hindustan Ki Qasam,1973,Manna De,Kaifi Azmi,Madan Mohan,
cha.ndaa ki kiraNo.n se lipaTii havaa_e.N,Intezaar,1973,Kishor,Verma Malik,Chitragupt,
"barakhaa raanii, zaraa jam_ke baraso / barakhaa bairan, zaraa tham_ke",Sabak,1973,Mukesh / Suman Kalyanpur,Saawan Kumar,Usha Khanna,
"tere mere milan kii ye rainaa, nayaa koii gul khilaayegii",Abhimaan,1973,"Kishore, Lata",Majrooh,S D Burman,tt0069671
duur hai kinaaraa gaharii nadii kii dhaaraa,Saudaagar,1973,Manna Dey,Ravindra Jain,Ravindra Jain,
kyaa jaano mai.n huu.N kaun ... dekho ye mere ba.Ndhe haath,Bandhe Haath,1973,Kishor,Majrooh,R D Burman,tt0069751
pyaar ke is khel me.n,Jugnu,1973,Kishore,Anand Bakshi,S D Burman,tt0070253
yahaa.n nahii.n kahuu.ngii,Mr. Romeo,1973,"Asha, Kishore",Anand Bakshi,R D Burman,tt0422775
vaastaa hii naa jab rahaa tumase,Chori Chori,1973,Mukesh,Gulshan Bawra,Shankar-Jaikishan,tt1996213
tan\-man tere ra.ng\-ra.nguu.Ngii,Archanaa,1973,Lata,Neeraj,Shankar-Jaikishan,
ham ko to jaan se pyaarii hai.n tumhaarii aa.Nkhe.n,Naina,1973,Rafi,Hasrat,Shankar-Jaikishan,tt0246800
tore jaisii chhorii hotii ko_ii gaa.Nv maa.n hamaare,Chori Chori,1973,Mukesh,Gulshan Bawra,Shankar-Jaikishan,tt1996213
raat piyaa ke sa.ng jaagii re sakhii,Prem Parbat,1973,Minoo Purshottam,Jaan Nisar Akhtar,Jaidev,tt0379445
he ho gorii o gorii prem kar le,Gaai Aur Gori,1973,Kishor,Anand Bakshi,Laxmikant-Pyarelal,tt0276150
raat taaro.n se jab sa.Nwaratii hai,(Non-film),1973,Talat Mahmood,Shaukat Pardesi,Murli Manohar Swarup,
ham aur tum tum aur ham Kush hai.n yuu.N aaj,Daagh,1973,"Kishor, Asha",Sahir,Laxmikant-Pyarelal,
Kizaa.N ke daur me.n aise bhii kuch maqaam aae,(Non-Film),1973,Talat Mahmood,Raaz Illahabadi,Murli Manohar Swaroop,
"dil kaa nazaraanaa le, o diladaar le",Chalaak,1973,"Asha, Kishore",Hasrat,Ganesh,tt1225875
haay bichhuaa Das gayo re,Jheel Ke Us Paar,1973,Asha,Anand Bakshi,R D Burman,tt0070241
kyaa nazaare kyaa sitaare,Jheel Ke Us Paar,1973,Kishore,Anand Bakshi,R D Burman,tt0070241
ek pahelii hai tuu haa.N naar navelii hai tuu,Heeraa Pannaa,1973,"Kishore, Asha",Anand Bakshi,R D Burman,
ab to hai tumase har Khushii apanii,Abhimaan,1973,Lata,Majrooh,S D Burman,tt0069671
aapake kamare me.n ko_ii rahataa hai,Yaadon Ki Baaraat,1973,"Kishore, Asha, R D Burman",Majrooh,R D Burman,tt0070935
ye jab se huii jiyaa kii chorii,Us Paar,1974,Lata,Yogesh,S D Burman,
kisakaa mahal hai kisakaa ye ghar hai,Prem Nagar,1974,"Kishor, Lata",Anand Bakshi,S D Burman,tt0072026
ka_ii baar yuu.N hii dekhaa hai,Rajnigandha,1974,Mukesh,Yogesh,Salil Choudhary,tt0072064
ye silasilaa pyaar se chalaa,Zahreela Insaan,1974,Asha,Majrooh,R D Burman,
ye kaisaa sur mandir hai,Prem Nagar,1974,Lata,Anand Bakshi,S D Burman,tt0072026
tere\-mere pyaar kii ba.Ndh ga_ii jab ye Dor,Paap Aur Punya,1974,"Mukesh, Kanchan",Vishveshvar Sharma,Kalyanji-Anandji,
tumane piyaa diyaa sab kuchh,Us Paar,1974,Lata,Yogesh,S D Burman,
ye dilanashii.n nazaare karate hai.n kyaa ishaare,Pyaase Dil,1974,Mukesh,Jaan Nisar Akhtar,Khaiyyam,
rajaniiga.ndhaa phuul tumhaare mahake yuu.N hii jiivan me.n,Rajnigandha,1974,Lata,Yogesh,Salil Choudhary,tt0072064
har tan me.n kavi ... kavi re o kavi re,Parinay,1974,Rajendra Mehta,Jan Nisar Akhtar,Jaidev,tt0266832
apanii aa.Nkho.n me.n basaakar koii iqaraar karuu.N,Thokar,1974,Rafi,Saajan Dehlavi,Shamji Ghanshamji,tt0369018
dil kaa guladastaa baa.Nho.n kaa haar,Vachan,1974,"Kishor, Sharda",Shaily Shailendra,Shankar-Jaikishan,tt1314279
aayaa hai tere dar pe savaalii,Daastaan-E-Lailaa Majnu,1974,Rafi,Jaan Nisar Akhtar,Iqbal Qureshi,
khaalii ghar kii diivaaro.n pe ... jaa jaa jaa mujhe naa,Prem Nagar,1974,Kishor,Anand Bakshi,S D Burman,tt0072026
bahanaa ne bhaaii kii kalaaii se pyaar baa.Ndhaa hai,Resham Ki Dori,1974,Suman Kalyanpur,Shailendra,Shankar-Jaikishan,tt0155106
haay haay ye majabuurii ye mausam aur ye duurii,Roti Kapada Aur Makaan,1974,Lata,Verma Malik,Laxmikant-Pyarelal,tt0072100
baar baar meraa pyaar mujhe puuchh rahaa diladaar,Albeli,1974,"Mukesh, Nazima",Jaan Nisaar Akhtar,Kalyanji-Anandji,
tuu jahaa.N mile mujhe,Doosri Sita,1974,Asha/Nitin Mukesh,Gulzar,R D Burman,tt0357610
uupar vaalaa dukhiyo.n kii naahii.n sunataa re,Saginaa,1974,"Kishor, Dilip Kumar",Majrooh,S D Burman,
ai baabuu ye ##public## hai ... sab jaanatii hai,Roti,1974,Kishore,Anand Bakshi,Laxmikant-Pyarelal,tt0176105
mujhe nahii.n puuchhanii tumase biitii baate.n,Anjaan Raahen,1974,Mukesh,Indeevar,Kalyanji-Anandji,tt0208686
mai.n Dhuu.NDhataa huu.N jinako raato.n ko khayaalo.n me.n,Thokar,1974,Mukesh,Saajan Dehlavi,Shamji Ghanshamji,tt0369018
yaar hamaarii baat suno aisaa ik insaan chuno,Roti,1974,Kishor,Anand Bakshi,Laxmikant-Pyarelal,tt0176105
mere dil se ye nain mile rahane do jaan\-e\-man,Zehreelaa Insaan,1974,"Asha, Shailendra Singh",Majrooh,R D Burman,
"meh.ngaaii maar gaii, meh.ngaaii maar gaii",Roti Kapada Aur Makaan,1974,"Mukesh, Lata, Chanchal, Jani Babu Qawwal",Varma Malik,Laxmikant-Pyarelal,tt0072100
apane dil me.n jagah diiji_e,Hawas,1974,Asha,Saawan Kumar,Usha Khanna,tt0304147
hazaar baate.n kahe zamaanaa merii vafaa pe yaqiin,Ghatanaa/ The Incident of Life,1974,Lata,Ravi,Ravi,
jhuum baraabar jhuum sharaabi,5 Rifles,1974,Aziz Nazan,Naza Sholapuri,Aziz Nazan,tt0231592
kisii se dostii kar lo,Dil Deewana,1974,"Asha, Kishore",Anand Bakshi,R D Burman,
"mai.n huu.N gho.Daa, ye hai gaa.Dii, merii rik_shaa sab se niraalii",Kunvaaraa Baap,1974,"Kishore, Mahmood, chorus",Majrooh,Rajesh Roshan,
##bye bye miss good night## kal phir mile.nge,Prem Nagar,1974,"Kishore, Chorus",Anand Bakshi,S D Burman,tt0072026
pyaase do badan pyaasii raat me.n,Prem Nagar,1974,Asha,Anand Bakshi,S D Burman,tt0072026
pyaas thii phir bhii taqaazaa na kiyaa,Aalingan/ The Embrace,1974,Manna Dey,Jan Nisar Akhtar,Jaidev,
terii jhiil-sii gaharii aa.Nkho.n me.n,Dhuen Ki Lakeer,1974,"Nitin Mukesh, Vani Jairam",Rameshwar Tyagi,Shyamji Ghanshyamji,
ek dam ... chillam kaa ek dam,Aalingan,1974,"Asha, Chorus",Jan Nisar Akhtar,Jaidev,
tum mahakatii javaa.N chaa.Ndanii ho,Pyaase Dil,1974,Mukesh,Jaan Nisar Akhtar,Khaiyyam,
pukaaratii hai mohabbat qariib aa jaa_o,Daastaan-E-Lailaa Majnu,1974,"Rafi, Suman",Jaan Nisar Akhtar,Iqbal Qureshi,
qasam khaao tum ik baar,Madhosh,1974,"Asha, Kishore",Majrooh,R D Burman,tt0122162
tuu hii saagar hai tuu hii kinaaraa,Sankalp,1974,"Sulakshana Pandit, Vinod Sharma / Sulakshana Pandit",Kaifi Azmi,Khaiyyaam,tt0246910
terii merii yaarii ba.Dii puraanii,Charitraheen,1974,Asha,Anand Bakshi,R D Burman,tt0268217
ek Daal par totaa bole ek Daal par mainaa,Chor Machaaye Shor,1974,"Rafi, Lata",Indrajeet Singh Tulsi,Ravindra Jain,
yaaraa o yaaraa... mai.n benaam ho gayaa,Benaam,1974,Narendra Chanchal,Majrooh,R D Burman,tt0071205
chorii chorii solah si.ngaar karuu.Ngii,Manoranjan,1974,Asha,Anand Bakshi,R D Burman,tt0071811
bhiitar\-bhiitar khaa_e chalo baahar shor,Sankalp/ Determination,1974,"Mukesh, Mahendra Kapoor",Kaifi Azmi,Khaiyyam,
ruk jaanaa nahii.n tuu kahii.n haar ke,Imtehaan,1974,Kishore,Majrooh,Laxmikant-Pyarelal,
gore ra.ng pe naa itanaa Gumaan kar,Roti,1974,"Kishor, Lata",Anand Bakshi,Laxmikant-Pyarelal,tt0176105
roz shaam aatii thii magar aisii na thii,Imtihaan,1974,Lata,Majrooh,Laxmikant Pyarelal,
yahaa.N bandhu aate ko hai jaanaa,Chhattees Ghante,1974,Mukesh,Sahir,Sapan Chakravarti,
sun niitaa mai.n tere pyaar ke giit,Dil Diwana,1974,Kishore,Anand Bakshi,R D Burman,tt0155668
jab se sarakaar ne nashaabandii to.D dii,Five Rifles/ 5 Rifles,1974,Kishore,Rajinder Krishan,Kalyanji-Anandji,tt0231592
"ham na rahe.nge tum naa rahoge, ye pyaar hamaaraa hameshaa rahegaa",Jaan Hazir Hai,1975,"Dilraj Kaur, Amit Kumar, Manhar",Shaili Shailendra,Jaykumar Parte,
yaad rahegaa pyaar kaa ye ra.ngiin zamaanaa,Umar Qaid,1975,"Mukesh, Lata",Gulshan Bawra,Sonik Omi,
ye din kyaa aa_e lage phuul ha.Nsane,Chhoti Si Baat,1975,Mukesh,Yogesh,Salil Chaudhary,tt0072777
"na jaane kyo.n, hotaa hai ye zi.ndagii ke saath",Chhoti Si Baat,1975,Lata,Yogesh,Salil Choudhary,tt0072777
"aaye tum yaad mujhe, gaane lagii har dha.Dakan",Mili,1975,Kishore,Yogesh,S D Burman,tt0073391
haa.N ishq meraa diiwaanaa ye diiwaanaa mastaanaa,Shirin Farhad (Pakistani-Film),1975,"Mehdi Hasan, Female Voice, Chorus",Qateel Shifai,Khurshid Anwar,
Takaraa gaye do baadal ambar pe,Mazaaq,1975,"Asha, Vinod Mehra",Yogesh,R D Burman,
ghar jaayegii tar jaayegii Doliyaa.N cha.Dh jaayegii,Khushboo,1975,Asha,Gulzar,R D Burman,tt0215900
Gam kii davaa to pyaar hai,Amaanush,1975,Asha,Indeevar,Shyamal Mitra,
ye kaun ha.Nsaa are kaun ha.Nsaa,Mere Sajna,1975,Lata,Majrooh,Laxmikant-Pyarelal,
tumane kisii se kabhii pyaar kiyaa hai,Dharmaatmaa,1975,"Mukesh, Kanchan",Indivar,Kalyanji Anandji,
"##My heart is beating, keeps on repeating, I am waiting for you##",Julie,1975,Preeti Sagar,Harindranath Chattopadhyay,Rajesh Roshan,tt0187192
"ye dostii, ham nahii.n to.De.nge, to.De.nge dam magar",Shole,1975,"Kishore, Manna De",Anand Bakshi,R D Burman,
aaratii man maanatii ... salaam kiijiye aalii janaab aaye hai.n,Aandhi,1975,"Rafi, Bhupendra, Amit Kumar,  Chorus",Gulzar,R D Burman,tt0178186
kyaa khuub lagatii ho ba.Dii su.ndar dikhatii ho,Dharmaatmaa,1975,"Mukesh, Kanchan",Indivar,Kalyanji Anandji,
naa puuchho ko_ii hame.n zahar kyuu.N pii liyaa,Amaanush,1975,Kishor,Indivar,Shyamal Mitra,
kah duu.N tumhe.n yaa chup rahuu.N,Deewaar,1975,"Kishor, Asha",Sahir,R D Burman,tt0072860
"chal sanyaasii, ma.ndir me.n, teraa chimaTaa merii chuu.Diyaa.N",Sanyasi,1975,"Lata, Kishore",Vishveshvar Sharma,Shankar-Jaikishan,tt0073657
"sa.nsaar hai ik nadiyaa, sukh-dukh do kinaare hai.n",Raftaar,1975,"Mukesh, Asha",Abhilash,Sonik-Omi,tt0431350
ye raate.n na_ii puraanii aate aate\-jaate,Julee,1975,Lata,Anand Bakshi,Rajesh Roshan,
ai shahar ke logo sun lo ham pyaar se baaz na aaye.nge,Shirin Farhad (Pakistani-Film),1975,Mehdi Hasan,Qateel Shifai,Khurshid Anwar,
ek hasarat thii ki aa.Nchal kaa mujhe pyaar mile,Zindagi Aur Toofaan,1975,Mukesh,Ram Avtar Tyagi,Laxmikant-Pyarelal,
chha.Dii re chha.Dii kaisii gale me.n pa.Dii,Mausam,1975,"Rafi, Lata",Gulzar,Madan Mohan,tt0151511
do naino.n me.n aa.Nsuu bhare hai.n,Khushboo,1975,Lata,Gulzar,R D Burman,tt0215900
"o maa.njhii re, apanaa kinaaraa, nadiyaa kii dhaaraa hai",Khushboo,1975,Kishore,Gulzar,R D Burman,tt0215900
mere ishq me.n laakho.n laTake,Mausam,1975,Asha,Gulzar,Madan Mohan,tt0151511
"bechaaraa dil kyaa kare, saavan jale bhaado.n jale",Khushboo,1975,Asha,Gulzar,R D Burman,tt0215900
ye to zindagii hai kabhii Kushii hai kabhii Gam,Qaid,1975,"Kishor, Nitin",Maya Govind,Nitin Mangesh,tt0155079
baaGo.n me.n kaise ye phuul khilate hai.n,Chupke Chupke,1975,"Lata, Mukesh",Anand Bakshi,S D Burman,tt0072783
ye mausam aayaa hai kitane saalo.n me.n,Aakraman,1975,"Kishore, Lata",Anand Bakshi,Laxmikant Pyarelal,tt0178180
mere dil me.n terii tasaviir sadaa rahatii hai,Ek Hans Ka Jodaa,1975,Asha,Indeevar,Jaidev,
apanaa desh videsh ke aage haath na phailaa_e,Anokhaa,1975,Mukesh,Indeevar,Kalyanji-Anandji,
mai.n pyaasaa tum saavan,Faraar,1975,"Kishor, Lata",Rajinder Krishan,Kalyanji-Anandji,tt0072972
"mai.n vahii darpaN vahii, naa jaane ye kyaa ho gayaa",Geet Gata Chal,1975,Arti Mukherji,Ravindra Jain,Ravindra Jain,
diiwaaro.n kaa ja.ngal jisakaa aabaadii hai naam,Deewaar,1975,Manna Dey,Sahir,R D Burman,tt0072860
maine tujhe maa.Ngaa tujhe paayaa hai,Deewaar,1975,"Kishor, Asha",Sahir,R D Burman,tt0072860
##i'm falling in love with a stranger##,Deewaar,1975,Ursula,R D Burman,R D Burman,tt0072860
piyaa baaj pyaalaa piyaa jaae naa,Nishant,1975,Preeti Sagar,Quli Qutub Shah,Vanraj Bhatia,tt0073458
aaye lo pyaar ke din aaye,Khel Khel Mein,1975,"Kishore, Asha",Gulshan Bawra,R D Burman,tt0073236
shiirii.n shiirii.n shiirii.n jaan\-e\-farahaad,Shirin Farhad (Pakistani-Film),1975,"Mehdi Hasan, Irene Parveen, Chorus",Qateel Shifai,Khurshid Anwar,
kirano.n ke jhuulo.n se ... chalii aa,Shirin Farhad (Pakistani-Film),1975,"Mehdi Hasan, Irene Parveen, Chorus",Qateel Shifai,Khurshid Anwar,
huu.N jalataa hai jiyaa meraa bhiigii\-bhiigii raato.n me.n,Zakhmee,1975,"Kishor, Asha",Gauhar Kanpuri,Bappi Lahiri,tt0073923
chalo bhuul jaaye.n jahaa.N ko,Do Jhoot,1975,"Kishore, Lata",Vitthal Bhai Patel,Shankar-Jaikishan,tt0370468
balamaa moraa aa.Ncharaa mahake re,Sangat,1975,"Lata, Manna Dey",Jan Nisar Akhtar,Salil Chowdhury,tt0157001
chhatarii na khol u.D jaayegii,Do Jhoot,1975,"Kishore, Lata",M G Hashmat,Shankar-Jaikishan,tt0370468
baalii umariyaa bhajan karuu.N kaise,Sanyasi,1975,"Lata, Mukesh",Vitthal Bhai Patel,Shankar-Jaikishan,tt0073657
"kaanhaa bole naa, kaanhaa bole naa",Sangat,1975,"Lata, Manna De",Jaan Nisar Akhtar,Salil Choudhary,tt0157001
tere hamasafar giit hai.n tere,Dharam Karam/ Duty and Deed,1975,"Mukesh, Kishore, Asha",Majrooh,R D Burman,
saaGar nahii.n hai to kyaa hai,Naatak,1975,Rafi,Anand Bakshi,Laxmikant-Pyarelal,tt0359738
ga.ngaa me.n Duubaa na jamanaa me.n Duubaa,Apne Rang Hazaar,1975,Lata,Anjaan,Laxmikant-Pyarelal,tt0297738
gorii teraa gaa.Nv ba.Daa pyaaraa,Chitchor,1976,Yesudas,Ravindra Jain,Ravindra Jain,tt0157460
aaj se pahale aaj se zyaadaa,Chitchor,1976,Yesudas,Ravindra Jain,Ravindra Jain,tt0157460
vaadiyo.n me.n kho jaa_e.n ham tum ... ye samaa.N hai suhaanaa,Aarambh,1976,"Mukesh, Aarti Mukherjee",Shakeel Ahmed,Anand Shankar,tt0178200
ek se ba.Dhakar ek,Ek Se Badhkar Ek,1976,Runa Laila,Verma Malik,Kalyanji Anandji,tt0157572
tere ishq kaa mujhape hu_aa ye asar hai,Naagin,1976,"Rafi, Asha",Verma Malik,Laxmikant-Pyarelal,tt3010362
"jab diip jale aanaa, jab shaam Dhale aanaa",Chitchor,1976,"Yesudas, Hemlata",Ravindra Jain,Ravindra Jain,tt0157460
"tuu jo mere sur me.n, sur milaa le",Chitchor,1976,"Yesudas, Hemlata",Ravindra Jain,Ravindra Jain,tt0157460
ye pal cha.nchal kho naa denaa,Kalicharan,1976,"Asha, Kishore",Ravindra Jain,Kalyanji-Anandji,tt0214832
samundar samundar yahaa.N se wahaa.N tak,Barood,1976,Lata,Anand Bakshi,S D Burman,tt0157358
are ... ko_ii maane yaa naa maane ... oy paise vasuul,Kabeelaa,1976,Kishore,Farooq Qaisar,Kalyanji-Anandji,
naGamaa hamaaraa gaayegaa ye zamaanaa,Bundal Baaz,1976,"Rafi, Lata",Majrooh,R D Burman,tt0231226
"chalate chalate, mere ye giit yaad rakhanaa",Chalte Chalte,1976,Kishore,Amit Khanna,Bappi Lahiri,tt0360463
kasam kyaa hotii hai ... jo to.Dii naa jaa_e bichho.Dii naa paa_e,Qasam,1976,"Asha, Nitin Mukesh",Indivar,Bappi Lahiri,tt0428820
kyaa hai meraa naam ... ye duniyaa ek nambarii,Dus Numbari,1976,Mukesh,Majrooh,Laxmikant-Pyarelal,
"##i love you, you love me##",Barood,1976,Asha,Anand Bakshi,S D Burman,tt0157358
bemausam bahaar,Bundal Baaz,1976,"Kishore, Lata",Majrooh,R D Burman,tt0231226
vaadaa karo jaanam na chho.De.nge ye daaman,Subse Badaa Rupaiyaa,1976,"Kishor, Lata",Majrooh,Basu Manohari,
ha ha ha ... ra.ng le aa_e.Nge ruup le aa_e.Nge,Bhanwar,1976,"Kishor, Asha",Anand Bakshi,R D Burman,tt0297781
karo baate.n mulaaqaate.n aisii raate.n,Bhanwar,1976,"Kishore, Lata",Anand Bakshi,R D Burman,tt0297781
aa.Nkhe.n milaae.nge... aaj sirf gaanaa gaae.nge,Bhanwar,1976,"Asha, Kishore",Anand Bakshi,R D Burman,tt0297781
dushman naa kare dost ne ... baraso.n puraanaa ye yaaraanaa,Heraa Pheri,1976,Kishor,Anjaan,Kalyanji-Anandji,
ho ke maayuus tere dar se savaalii na gayaa,Lailaa Majnun,1976,"Rafi, Aziz Nazaa, Shankar Shambhu, Ambar Kumar",Sahir,Madan Mohan,
sabhii sukh duur se guzare.n guzarate hii chale jaa_e.n,Aarambh,1976,Mukesh,Harish Bhadani,Anand Shankar,tt0178200
jhuumataa saavan dekho aayaa,Do Khilaadi,1976,Rafi,Gauhar Kanpuri,Usha Khanna,
aa_egii aa_egii aa_egii kisii ko hamaarii yaad aa_egii,Jaan-e-Man,1976,Lata,Anand Bakshi,Laxmikant-Pyarelal,
bahii jaiyo na raanii bahii jaiyo na,Sabse Bada Rupaiya,1976,"Lata, Usha Mangeshkar",Majrooh,Basu-Manohari,tt0420139
piine ke baad aatii hai.n yaad,Bullet,1976,Asha,Anand Bakshi,R D Burman,tt0154265
mai.n pal do pal kaa shaayar huu.N,Kabhi Kabhi,1976,Mukesh,Sahir,Khaiyyam,tt0074730
"mere ghar aa_ii ek nanhii parii, ek nanhii parii",Kabhi Kabhi,1976,Lata,Sahir,Khaiyyam,tt0074730
mai.n har ik pal kaa shaayar huu.N,Kabhi Kabhi,1976,Mukesh,Sahir,Khaiyyam,tt0074730
tuu shaitaano.n kaa saradaar hai,Baarood,1976,"Mukesh, Shivangi Kolhapure",Anand Bakshi,S D Burman,
o dilajaanii bol merii raanii,Udhaar Kaa Sindoor,1976,"Kishore, Anuradha",Majrooh,Rajesh Roshan,
tere sa.ng jiinaa tere sa.ng maranaa,Naach Uthe Sansaar,1976,"Rafi, Lata",Majrooh,Laxmikant-Pyarelal,tt0359728
saare shahar me.n aapasaa ko_ii nahii.n,Bairaag,1976,"Rafi, Asha",Anand Bakshi,Kalyanji-Anandji,tt0371558
aapake shahar me.n ... mai.n tawaayaf huu.N,Mehbooba,1976,Lata,Anand Bakshi,R D Burman,tt0268449
aapakaa sarakaar kyaa kuchh kho gayaa hai,Heraa Pheri,1976,Asha,Anjaan,Kalyanji-Anandji,
chhoTii sii umar me.n lag gayaa rog,Bairaag,1976,Lata,Anand Bakshi,Kalyanji-Anandji,tt0371558
"pyaar kar liyaa to kyaa, pyaar hai khataa nahii.n",Kabhi Kabhi,1976,Kishore,Sahir,Khaiyyam,tt0074730
piite piite kabhii-kabhii yuu.n jaam badal jaate hai.n,Bairaag,1976,"Rafi, Asha",Anand Bakshi,Kalyanji-Anandji,tt0371558
pyaar ke din ... mai.n tumase pyaar karatii huu.N,Maha Chor,1976,"Lata, Kishore",Anand Bakshi,R D Burman,tt0155846
ab agar hamase Kudaa_ii bhii khafaa ho jaa_e,Lailaa Majnun,1976,"Lata, Rafi",Sahir,Madan Mohan,
is reshamii paazeb kii jha.nkaar ke sadake,Laila Majnu,1976,"Lata, Rafi",Sahir,Madan Mohan,tt0266712
teraa jogii aayaa tuu Daal de bhixaa pyaar kii,Meraa Jeewan,1976,"Rafi, Pankaj Mitra",M G Hashmat,Sapan Jagmohan,
tere dar pe aayaa huu.N kuchh kar ke jaa_uu.Ngaa,Laila Majnu,1976,Rafi,Sahir,Madan Mohan,tt0266712
dil i.nsaan kaa ek taraajuu ... ke aajaa terii yaad aa_ii,Charas,1976,"Rafi, Lata, Anand Bakshi",Anand Bakshi,Laxmikant-Pyarelal,tt0268216
har dil me.n nafarat bharii hai ... tuu mile to puuchhuu.N,Santaan,1976,Mukesh,Verma Malik,Laxmikant-Pyarelal,
huu.N bahaaro.n ne ki_e sajade gulo.n ne sar jhukaayaa hai,Bombay By Nite,1976,Mukesh,Upendra,Iqbal Qureshi,
tere chahare se nazar nahii.n haTatii nazaare ham kyaa dekhe.n,Kabhi Kabhi,1976,"Kishore, Lata",Sahir,Khaiyyam,tt0074730
"pyaar me.n kabhii\-kabhii, aisaa ho jaataa hai chhotii sii baat",Chalte Chalte,1976,"Shailendra Singh, Lata",Amit Khanna,Bappi Lahiri,tt0360463
kahanaa ik diivaanaa terii yaad me.n aahe.n bharataa hai,Laila Majnu,1976,"Rafi, Lata",Sahir,Madan Mohan,tt0266712
"niile ambar ke tale, do yahaa.N saathii mile",Safed Jhooth,1977,Yesudas,Yogesh,Shyamal Mitra,tt0158179
"tere mere liye, taaro.n ke diye",Safed Jhooth,1977,Yesudas,Yogesh,Shyamal Mitra,tt0158179
ye meraa dil yaar kaa diivaanaa,Don,1977,Asha,Indeevar,Kalyanji-Anandji,tt0255127
jiivan path pe ek rath ke do pahiye ban chalate jaae.n,Agar,1977,"Yesudas, Asha",Gulshan Bawra,Sonik-Omi,
ye mahafil yuu.N hii sajegii,Aaj Ki Dhaaraa,1977,Kishore,Indeevar,Sapan Jagmohan,
chaa.Nd akelaa jaaye sakhii rii,Alaap,1977,Yesudas,Dr. Rahi Masoom Reza,Jaidev,tt0075653
zi.ndagii ko sa.Nvaaranaa hogaa,Alaap,1977,Yesudas,Dr. Rahi Masoom Reza,Jaidev,tt0075653
koii gaataa mai.n so jaataa,Alaap,1977,Yesudas,Harivansh Rai Bachchan,Jaidev,tt0075653
khaTTaa\-miiThaa ye jiinaa hai a.nguur kaa daanaa,Khattaa Meethaa,1977,"Kishor, Usha",Gulzar,Rajesh Roshan,
"naam gum jaayegaa, cheharaa ye badal jaayegaa, merii aavaaz hii",Kinara,1977,"Bhupinder, Lata",Gulzar,R D Burman,tt0215902
aap yuu.N faasalo.n se guzarate rahe,Shankar Hussain,1977,Lata,Jaan Nisar Akhtar,Khaiyyam,tt0274086
sar\-e\-mahafil meraa iimaan ... yaaro.n ab kyaa hogaa,Ab Kyaa Hogaa,1977,"Rafi, Asha",Saawan Kumar,Usha Khanna,
jaane kyaa sochakar nahii.n gujaraa,Kinara,1977,Kishore,Gulzar,R D Burman,tt0215902
"do diivaane shahar me.n, raat me.n aur dopahar me.n",Gharonda,1977,"Bhupinder, Runa Laila",Gulzar,Jaidev,
"ek akelaa is shahar me.n, raat me.n aur dopahar me.n",Gharonda,1977,Bhupinder,Gulzar,Jaidev,
ek hii Kvaab ka_ii baar dekhaa hai mai.n ne,Kinara,1977,"Bhupinder, Hema Malini",Gulzar,R D Burman,tt0215902
hari din to biitaa shaam hu_ii raat paar karaa de,Kitaab,1977,Rajkumari,Gulzar,R D Burman,tt0215907
"pal bhar me.n ye kyaa ho gayaa, vo mai.n gayii vo man gayaa",Swami,1977,Lata,Majrooh,Rajesh Roshan,tt0152720
"saaraa pyaar tumhaaraa, mai.n ne baa.Ndh liyaa hai aa.Nchal me.n",Anand Ashram,1977,"Kishore, Asha",Indeevar,Shyamal Mitra,tt0268141
mahv-e-khayaal yaar hai.n,Dulhan Wahi Jo Piya Man Bhaye,1977,Hemlata,Ravindra Jain,Ravindra Jain,tt0150417
dil kii kalii yuu.N hii sadaa khilatii rahe ha.Nsatii rahe,Inkaar,1977,"Rafi, Chorus",Prem Dhawan,Rajesh Roshan,tt0366616
tayyab alii pyaar ka dushaman,Amar Akbar Anthony,1977,"Rafi, Mukri, chorus",Anand Bakshi,Laxmikant-Pyarelal,tt0075669
"din taakaa taakaa din ... a aa i ii, a aa i ii, maasTarjii kii aa ga_ii chiTThii",Kitaab,1977,"Shivangi Kolhapure, Padmini Kolhapure",Gulzar,R D Burman,tt0215907
ab ke naa saawan barase,Kinaaraa,1977,Lata,Gulzar,R D Burman,
"miiThe bol bole, bole paayaliyaa, chhuum-chhanan bole, jhanak jhan bole",Kinara,1977,"Bhupinder, Lata",Gulzar,R D Burman,tt0215902
mere saath chale naa saayaa,Kitaab,1977,Sapan Chakraborty,Gulzar,R D Burman,tt0215907
Daakiyaa Daak laayaa ... Kushii kaa payaam kahii.n,Palkon Ki Chhaaon Mein,1977,"Kishor, Vandana Shashtri",Gulzar,Laxmikant-Pyarelal,
ko_ii roko naa diivaane ko man machal rahaa,Priyatamaa,1977,Kishor,Yogesh,Rajesh Roshan,
naa jaane din kaise jiivan me.n aaye hai.n,Chalaa Muraari Hero Banane,1977,Kishore,Yogesh,R D Burman,
dhanno kii aa.Nkho.n me.n hai raat kaa suramaa,Kitaab,1977,R D Burman,Gulzar,R D Burman,tt0215907
koii mere maathe kii bi.ndiyaa sajaa de re,Palkon Ki Chhaaon Mein,1977,Lata,Gulzar,Laxmikant-Pyarelal,
anahonii ko honii kar de.n ... amar akabar enthonii,Amar Akbar Anthony,1977,"Kishor, Mahendra Kapoor, Shailendra Singh",Anand Bakshi,Laxmikant-Pyarelal,tt0075669
dekh ke tumako ... o hamako tumase ho gayaa hai pyaar,Amar Akbar Anthony,1977,"Kishor, Lata, Mukesh, Rafi",Anand Bakshi,Laxmikant-Pyarelal,tt0075669
raahii naye\-naye rastaa nayaa\-nayaa,Aanand Aashram,1977,Kishor,Indivar,Shyamal Mitra,
tuu laalii hai savere vaalii gagan ra.ng de,Abhi To Jee Lein,1977,"Kishor, Asha",Indivar,Sapan Jagmohan,
"achchhaa unhe.n dekhaa hai, biimaar huii aa.Nkhe.n",Shankar Hussain,1977,"Aziz Nazan, Babban Khan, chorus",Kaifi Azmi,Khaiyyam,tt0274086
tere liye mai.n ne sab ko chho.Daa,Anand Ashram,1977,Kishore,Indeevar,Shyamal Mitra,tt0268141
tuu jo nahii.n ko_ii meraa meraa ko_ii nahii.n,Darindaa,1977,Rafi,Indeevar,Kalyanji-Anandji,
chaahe aaj mujhe naa pasand karo,Darindaa,1977,Mukesh,Indeevar,Kalyanji-Anandji,
amiir kii hotii hai ... aaj mere yaar ki shaadii hai,Aadmi Sadak Ka,1977,"Rafi/ Rafi, Ravi, Deven Verma",Verma Malik,Ravi,tt0177485
mai.n raajaa tuu raanii,Dildaar,1977,"Kishore, Asha",Anand Bakshi,Laxmikant Pyarelal,tt0154415
na_ii rii lagan aur miiThii batiyaa.N,Alaap,1977,"Yesudas, Madhurani, Kumari Faiyyaz",Dr. Rahi Masoom Reza,Jaidev,tt0075653
khushiyaa.N hii khushiyaa.N ho.n daaman me.n jisake,Dulhan Wahi Jo Piya Man Bhaye,1977,"Yesudas, Hemlata, Banashri Sengupta",Ravindra Jain,Ravindra Jain,tt0150417
ham na kabhii ho.nge judaa,Phir Janam Lenge Hum,1977,"Kishore, Lata",Gauhar Kanpuri,Bappi Lahiri,tt0233965
juu.De me.n gajaraa mat baa.Ndho,Dhoop Chhaon,1977,Rafi,Virendra Mishra,Shankar-Jaikishan,tt0379257
sajanaa re kyuu.N bhiige tore nain,Pehli Nazar,1977,Noorjehan,Qateel Shifai,Master Inayat Husein,
ulajhan hazaar ko_ii Daale,Chandi Sona,1977,"Asha, Kishore, Manna Dey",Majrooh,R D Burman,tt0271421
apane aap raato.n me.n,Shankar Hussain,1977,Lata,Kaif Bhopali,Khaiyyam,tt0274086
zamaane me.n kahaa.N ... shira.Dii vaale saa_ii.N baabaa,Amar Akbar Anthony,1977,Rafi,Anand Bakshi,Laxmikant-Pyarelal,tt0075669
kahii.n ek maasuum naazuk sii la.Dakii,Shankar Hussain,1977,Rafi,Kamal Amrohi,Khaiyyam,tt0274086
terii chhoTii sii ek bhuul ne saaraa gulshan jalaa diyaa,Shiksha,1978,Yesudas,Gauhar Kanpuri,Bappi Lahiri,tt0258148
"dil ke Tuka.De Tuka.De karake, muskuraate chal diye",Dada,1978,Yesudas,Kulvant Jani,Usha Khanna,
"maanaa ho tum, behad hasii.n, aise bure, ham bhii nahii.n",Toote Khilone,1978,Yesudas,Kaifi Azmi,Bappi Lahiri,tt0361061
phir vahii raat hai,Ghar,1978,Kishore,Gulzar,R D Burman,tt0077609
botal se ek baat chalii hai,Ghar,1978,"Asha, Rafi",Gulzar,R D Burman,tt0077609
aap kii aa.Nkho.n me.n kuchh mahake hue se raaz hai,Ghar,1978,"Kishore, Lata",Gulzar,R D Burman,tt0077609
"jiijaajii, jiijaajii, hone vaale jiijaajii",Saajan Bin Suhaagan,1978,"Suresh Wadkar, Anuradha Paudwal, Dilraj Kaur",Indeevar,Usha Khanna,
raam swaruup tumhaar,non-Film,1978?,Lata,Tulsidas,Hridaynath Mangeshkar?,
ishq ne to.Dii sar pe qayaamat,Junoon,1978,Rafi,Jigar Moradabadi,Vanraj Bhatia,tt0077783
aap kii yaad aatii rahii raat bhar,Gaman,1978,Chhaya Ganguly,Maqdoom Mohiuddin,Jaidev,tt0150683
muhabbat ba.De kaam kii chiiz hai,Trishul,1978,"Lata, Kishore, Yesudas",Sahir,Khaiyyam,tt0078418
pyaar zindagii hai pyaar ba.ndagii hai ba.ndagii hai,Muqaddar Ka Sikandar,1978,"Asha, Lata, Mahendra Kapoor",Anjaan,Kalyanji-Anandji,tt0079590
ye nainaa ye kaajal ye zulfe.n ye aa.Nchal,Dil Se Mile Dil,1978,Kishor,Amit Khanna,Bappi Lahiri,
"pyaar maa.Ngaa hai tumhii.n se, na i.nkaar karo",College Girl,1978,Kishore,Shiv Kumar Saroj,Bappi Lahiri,tt0247257
jab ek kazaa se guzaro to ik aur kazaa mil jaatii hai,Devataa,1978,Rafi,Gulzar,R D Burman,
chaa.Nd churaa ke laayaa huu.N,Devataa,1978,"Kishor, Lata",Gulzar,R D Burman,
madhuban khushabuu detaa hai,Saajan Bin Suhaagan,1978,"Yesudas, Anuradha Paudwal",Amit Khanna,Usha Khanna,
uupar jaa ke yaad aa_ii.n niiche kii baate.n,Naukari,1978,Mukesh,Anand Bakshi,R D Burman,
ye naa hogaa ... ham dono.n mil ke kaaGaz pe dil ke,Tumhaari Qasam,1978,"Mukesh, Asha",Anand Bakshi,Rajesh Roshan,
a.Nkhiyo.n me.n chhoTe\-chhoTe sapane sajaa_ike,Naukar,1978,Kishore,Majrooh,R D Burman,
aa jaa mere pyaar aa jaa,Heeraalaal Pannaalaal,1978,"Hemant, Zeenat?",Majrooh,R D Burman,
merii dushman hai ye ... ye khi.Dakii jo band rahatii hai,Main Tulsi Tere Aangan Ki,1978,Rafi,Anand Bakshi,Laxmikant-Pyarelal,tt0151466
man ma.ndir me.n shyaam padhaare,Tipu Sultan,1978,Noor Jehan,Qateel Shifai,Akhtar Husein,tt0366104
jaag devataa naag devataa ... janam diyaa jinako tumane,Shaalimaar,1978,Rafi,Anand Bakshi,R D Burman,
naukarii sau kii hazaar kii,Aahuti,1978,"Kishore, Anuradha",Anand Bakshi,Laxmikant Pyarelal,tt0177492
jisakaa mujhe thaa i.ntazaar,Don,1978,"Kishore, Lata",Anjaan,Kalyanji-Anandji,tt0077451
aatii rahe.ngii bahaare.n,Kasme Vaade,1978,"Kishore, Amit Kumar, Asha",Gulshan Bawra,R D Burman,tt0077792
o saathii re tere binaa bhii kyaa jiinaa,Muqaddar Ka Sikandar,1978,"Lata, Kishore",Anjaan,Kalyanji-Anandji,tt0079590
"rote hue aate hai.n sab, ha.nsataa huaa jo jaaegaa",Muqaddar Ka Sikandar,1978,Kishore,Anjaan,Kalyanji-Anandji,tt0079590
nazaraanaa bhejaa kisii ne pyaar kaa,Des Pardes,1978,Kishor,Amit Khanna,Rajesh Roshan,tt0154390
baa.Nsuriyaa man har le ga_ii re torii baa.Nsuriyaa,Tumhaare Liye,1978,Asha,Naqsh Lyallpuri,Jaidev,
"des parades, are khushiyaa.N, yahii.n pe, mile.nge haa.N mere",Des Pardes,1978,Kishore,Amit Khanna,Rajesh Roshan,tt0154390
sunii jo unake aane kii aahaT,Satyam Shivam Sundaram,1978,"Lata, Chorus",Narendra Sharma,Laxmikant-Pyarelal,tt0078204
satyam shivam sundaram,Satyam Shivam Sundaram,1978,Lata,Pt. Narendra Sharma,Laxmikant-Pyarelal,tt0078204
are diivaano.n mujhe pahachaano.n ... mai.n huu.N ##Don##,Don,1978,Kishor,Anjaan,Kalyanji-Anandji,tt0077451
mohabbat me.n ajii kyaa aap,Phandebaaz,1978,"Rafi, Lata",Anand Bakshi,R D Burman,tt0376071
mile jo ka.Dii\-ka.Dii ek za.njiir bane,Qasme Vaade,1978,"Rafi, Kishore, Asha",Gulshan Bawra,R D Burman,
cha.nchal shiital nirmal komal sa.ngiit kii devii,Satyam Shivam Sundaram,1978,Mukesh,Anand Bakshi,Laxmikant-Pyarelal,tt0078204
naa jaane kaise pal me.n badal jaate hai.n,Badalte Rishte,1978,"Kishore, Rafi, Suman Kalyanpur",Anjaan,Laxmikant-Pyarelal,
din-b-din vo mere dil se,Trishna,1978,Lata,Anjaan,Kalyanji-Anandji,tt0778877
vo vo naa rahe,Badalte Rishte,1978,Mohammad Rafi,Anjaan,Laxmikant Pyarelal,
gumasum kyo.n hai sanam ab zaraa maan jaa,Kasme Vaade,1978,Asha,Gulshan Bawra,R D Burman,tt0077792
ek din tum bahut ba.De banoge ek din,Ankhiyon Ke Jharokhoon Se,1978,"Hemlata, Shailendra Singh",Ravindra Jain,Ravindra Jain,
are pathik giridhaarii ... aa jaa sa.Nvariyaa,Gaman,1978,Hiradevi Mishra,Traditional?,Jaidev,tt0150683
nahii.n nahii.n ko_ii tum saa hasii.n,Swarg Narak,1978,"Kishore, Asha",Anand Bakshi,Rajesh Roshan,tt0262801
raajuu chal raajuu apanii mastii me.n tuu,Aazaad,1978,Kishore,Anand Bakshi,R D Burman,
kal kyaa hogaa kisako pataa,Kasme Vaade,1978,"R D Burman, Chorus",Gulshan Bawra,R D Burman,tt0077792
kal tak mai.n akelaa thaa ... waqt waqt kii baat hai,Bholaa Bhaalaa,1978,Kishore,Anand Bakshi,R D Burman,
o pa.Dosan kii la.Dakii,Heeraalaal Pannaalaal,1978,"Kishore, Chorus",Verma Malik,R D Burman,
"aap kahe.n aur ham na aaye.n, aise to haalaat nahii.n",Des Pardes,1978,Lata,Amit Khanna,Rajesh Roshan,tt0154390
Kwaabo.n ko sach mai.n kar luu.n,Prem Geet,1981,Suresh Wadkar,Indeevar,Jagjit Singh,tt0313495
"aaj koii nahii.n apanaa, kise Gam ye sunaae.n",AgniPariksha,1981,Lata,Yogesh,Salil Choudhary,
chor jo kare chorii to paka.Daa jaa_e,Yeh Rishtaa Naa TooTe,1981,"Alka Yagnik, Manhar Udhaas",Anjaan,Kalyanji Anandji,
bhole o bhole... mere yaar ko manaa de,Yaaraanaa,1981,Kishore,Anjaan,Rajesh Roshan,
tere jaisaa yaar kahaa.N kahaa.N aisaa yaaraanaa,Yaaraanaa,1981,Kishor,Anjaan,Rajesh Roshan,
chhuukar mere man ko,Yaarana,1981,Kishore,Anjaan,Rajesh Roshan,tt0083349
"kyaa yahii pyaar hai, haa.N yahii pyaar hai",Rocky,1981,"Kishore, Lata",Majrooh,R D Burman,tt0215132
pahalii\-pahalii baar dekhaa aisaa jalavaa,Silsilaa,1981,"Kishor, Lata",Javed Akhtar,Shiv Hari,
"chhuu kar mere man ko, kiyaa tuune kyaa ishaaraa",Yaarana,1981,Kishore,Anand Bakshi ?,Rajesh Roshan,tt0083349
ishq meraa ba.ndagii hai,Yeh Vaada Raha,1981,"Kishore, Asha",Gulshan Bawra,R D Burman,tt0397742
##What's your problem## ... kyaa hai teraa Gam bataa,Kalyug,1981,Preeti Sagar,Balwant Tandon,Vanraj Bhatia,tt0080982
mere hamaraaz kaisaa hai ye raaz,Ghungroo Ki Awaaz,1981,Kishore,Vijay Anand,R D Burman,tt0260047
dukh sukh kii har ek maalaa,Kudrat,1981,Chandrashekhar Gadgil,Qateel Shifai,R D Burman,tt0154749
chaa.Nd apanaa safar Katm karataa rahaa,Shamaa,1981,Lata,Zafar Gorakhpuri,Usha Khanna,
manachalii o manachalii ... kaun sii hai ye galii,Barsaat Ki Ek Raat,1981,"Kishore, Lata",Anand Bakshi,R D Burman,tt0080376
ye rut hai hasii.n dard bhii hai javaa.N,Harjaee,1981,Kishore,Vitthalbhai Patel,R D Burman,tt0373887
ik baat sunii hai chaachaajii batalaane vaalii hai,Naram Garam,1981,"Sushma Shreshtha, Shatrughan Sinha",Gulzar,R D Burman,tt0082796
"priitam aan milo, dukhiyaa jiivan kaise bitaa_uu.N",Angoor,1981,Sapan Chakravarty,Gulzar,R D Burman,tt0215517
aauu.Ngii ek din aaj jaauu.N,Baseraa,1981,Asha,Gulzar,R D Burman,tt0300980
"mere a.nganaa aaye re ghanashyaam, aaye re",Naram Garam,1981,Asha,Gulzar,R D Burman,tt0082796
hame.n raasto.n kii zaruurat nahii.n hai,Naram Garam,1981,Asha,Gulzar,R D Burman,tt0082796
tumhe.n chho.Dake ho ab jiine ko jii to nahii.n,Baseraa,1981,"Kishore, Asha",Gulzar,R D Burman,tt0300980
zi.ndagii ye zi.ndagii ... jawaanii jhuum ke gaa_e,Daulat,1981,Lata,"Vitthalbhai Patel, Nida Fazli",R D Burman,tt0379246
"puuchho na yaar kyaa huaa, dil kaa qaraar kyaa huaa",Zamane Ko Dikhana Hai,1981,"Asha, Rafi, Rishi, Padmini Kolhapure, chorus",Majrooh,R D Burman,
in aa.Nkho.n kii mastii ke mastaane hazaaro.n hai.n,Umrao Jaan,1981,Asha,Shahryar,Khaiyyam,tt0083248
jab bhii milatii hai mujhe ajanabii lagatii kyuu.N hai,Umrao Jaan,1981,Asha,Shahryar,Khaiyyam,tt0083248
dil chiiz kyaa hai aap merii jaan liijiye,Umrao Jaan,1981,Asha,Shahryar,Khaiyyam,tt0083248
justajuu jisakii thii us ko to na paayaa hamane,Umrao Jaan,1981,Asha,Shahryar,Khaiyyam,tt0083248
gaNapati bappaa morayaa ... devaa ho devaa ... tumase ba.Dhakar kaun,Humse Badhkar Kaun,1981,"Rafi, Asha, Bhupinder, Shailendra Singh, Sapan Chakravarti",Ravindra Rawal,Ram-Laxman,
tere mere biich me.n kaisaa hai ye bandhan a.njaanaa,Ek Duje Ke Liye,1981,"Lata, S P Balasubramaniam / S P Balasubramaniam",Anand Bakshi,Laxmikant-Pyarelal,
niilaa aasamaa.N so gayaa,Silsila,1981,Amitabh,Javed Akhtar,Shiv-Hari,tt0083081
meghaa re meghaa re mat parades jaa re,Pyaasaa Saawan,1981,"Lata, Suresh Wadkar",Santosh Anand,Laxmikant-Pyarelal,
mere a.ngane me.n tumhaaraa kyaa kaam hai,Laawaris,1981,Amitabh / Alka Yagnik,Anand Bakshi,Kalyanji-Anandji,tt0082644
saawan nahii.n bhaado.n nahii.n,Kudrat,1981,"Suresh Wadkar, Asha",Majrooh,R D Burman,tt0154749
pyaar kaa dard hai miiThaa\-miiThaa pyaaraa\-pyaaraa,Dard,1981,"Kishor, Asha",Naqsh Lyallpuri,Khaiyyam,tt0315462
"gorii ho kaalii ho, yaa nakharevaalii ho",Biwi O Biwi,1981,Kishore,Nida Fazli(?),R D Burman,tt0266333
"mere jiivan saathii, pyaar kiye jaa",Ek Duje Ke Liye,1981,"Anuradha Paudwal, S P Balasubramaniam",Anand Bakshi,Laxmikant-Pyarelal,
tere liye palako.n kii jhaalar bunU.N,Harjaee,1981,Lata,Nida Fazli,R D Burman,tt0373887
maanaa terii nazar me.n teraa pyaar ham nahii.n,Ahista Ahista,1981,Sulakshna Pandit,Naqsh Lyallpuri,Khaiyyam,tt0381864
shaam ra.ngiin huii hai tere aa.Nchal kii tarah,Kanoon Aur Muzrim,1981,"Suresh Wadkar, Usha Mangeshkar",Ahmed Wasi,C Arjun,
ahal\-e\-dil yuu.N bhii nibhaa lete hai.n,Dard,1981,Bhupinder,Naqsh Lyallpuri,Khaiyyam,tt0315462
are yak\-ba\-yak ko_ii kahii.n mil jaataa hai,Qaatilon Ke Qaatil,1981,"Kishore, Asha",Rajinder Krishan,Kalyanji-Anandji,
giit sunoge huzuur yaa mai.n gazal gaa_uu.N,Rocky,1981,Asha,Anand Bakshi,R D Burman,tt0215132
parii ho aasamaanii tum magar tum ko to paanaa hai,Zamane Ko Dikhana Hai,1981,"Shailendra Singh, Asha, Rishi",Majrooh,R D Burman,
sadiyo.n se duniyaa me.n yahii to kissaa hai,Biwi O Biwi,1981,Kishore,Nida Fazli(?),R D Burman,tt0266333
sajatii hai yuu.N hii mahafil ra.ng yuu.N hii Dhalane do,Qudrat,1981,Asha,Majrooh,R D Burman,
dilabar mere kab tak mujhe aise hii ta.Dapaaoge,Satte Pe Satta,1981,"Kishore, Annette",Gulshan Bawra,R D Burman,tt0084630
"chaa.Ndanii raat me.n, ek baar tujhe dekhaa hai",Dil-e-Naadaan,1981,"Kishore, Lata",Naqsh Lyallpuri,Khaiyyam,
motii ho to baa.Ndh ke rakh luu.N pyaar chhupaa_uu.N kaise,Daulat,1981,Kishor,Nida Fazli,R D Burman,tt0379246
tuu ne o ra.Ngiile kaisaa jaaduu kiyaa,Kudrat,1981,Lata,Majrooh,R D Burman,tt0154749
ye vaadaa rahaa,Yeh Vaada Raha,1982,"Kishore, Asha",Gulshan Bawra,R D Burman,tt0397742
tumase ba.Dhakar duniyaa me.n na dekhaa ko_ii aur zubaa.N par,Kaamchor,1982,"Alka Yagnik, Kishore Kumar, Chandru Atma",Indivar,Rajesh Roshan,tt0248125
"kyaa huaa, ik baat par baraso.n kaa yaaraanaa gayaa",Teri Kasam,1982,Amit Kumar,Majrooh,R D Burman,tt0156043
dikhaa_ii di_e yuu.N ki bekhud kiyaa,Baazaar,1982,Jagjit Kaur,Mir Taqi Mir,Khaiyyam,
ye goTedaar laha.Ngaa nikaluu.N jab Daal ke,Dharam Kaantaa,1982,"Rafi, Asha",Majrooh,Naushad,
a.ngrezii me.n kahate hai.n ke #I love you#,Khuddaar,1982,"Kishore, Lata",Majrooh,Rajesh Roshan,tt0084199
aisaa kabhii huaa nahii.n,Yeh Vaada Raha,1982,Kishore,Gulshan Bawra,R D Burman,tt0397742
ek daur vo bhii thaa,Yeh Nazdikiyaan,1982,Anuradha Paudwal,J P Dixit,Raghunath Seth,
teraa pyaar se jiivan bhar jaa_e,Aarohi,1982,Mukesh,Bharat Vyas,Anand Saagar Kiran,
gu.Njaa re chandan ham dono mai.n dono kho gae,Nadiya Ke Paar,1982,"Hemlata, Suresh Wadkar",Ravindra Jain,Ravindra Jain,tt0256951
aavaaragii hamaarii,Yeh Nazdeekiyaan,1982,Talat Aziz,Vinod Pande,Raghunath Seth,
mai.n ne ik giit likhaa hai,Yeh Nazdeekiyaan,1982,Anuradha Paudwal,J P Dixit,Raghunath Seth,
ba.Dii der se meghaa barasaa ho raamaa,Namkeen,1982,Asha,Gulzar,R D Burman,tt0216019
do nainaa aur ik kahaanii,Maasoom,1982,Aarti Mukherjii,Gulzar,R D Burman,
phir se a_iyo badaraa bidesii,Namkeen,1982,Asha,Gulzar,R D Burman,tt0216019
tujh sa.ng priit lagaa_ii sajanaa,Kaamchor,1982,"Lata, Kishor",Indivar,Rajesh Roshan,tt0248125
jogii o jogii haath me.n mere likhaa hai,Kaamchor,1982,Kishor,Indivar,Rajesh Roshan,tt0248125
mal de gulaal mohe aa_ii holii aa_ii re,Kaamchor,1982,"Lata, Kishor",Indivar,Rajesh Roshan,tt0248125
dekh lo aaj hamako jii bharake,Bazaar,1982,Jagjit Kaur,Mirza Shauq,Khaiyyam,tt0246456
koii ye kaise bataaye ke vo tanhaa kyo.n hai,Arth,1982,Jagjit Singh,Kaifi Azmi,Kuldeep Singh,tt0083578
"jogii jii dhiire dhiire, jogiijii vaah jogiijii",Nadiya Ke Paar,1982,"Hemlata, Jaspal Singh, Chandrani Mukherjee, Sushil Kumar, chorus",Ravindra Jain,Ravindra Jain,tt0256951
"phir chhi.Dii raat, baat phuulo.n kii",Baazaar,1982,"Lata, Talat Aziz",Maqdoom Mohiuddin,Khaiyyam,
mach gayaa shor saarii nagarii re,Khuddaar,1982,"Kishor, Lata",Majrooh,Rajesh Roshan,tt0084199
uu.Nche\-niiche raaste aur ma.nzil terii duur,Khuddaar,1982,"Kishore, Lata",Majrooh,Rajesh Roshan,tt0084199
mai.n hari patit paavan sune,(Non-film),1982,Hemant Kumar,Tulsidas,Jnan Prakash Ghosh,
kyo.n zindagii kii raah me.n majabuur ho gae,Saath Saath,1982,Chitra Singh,Javed Akhtar,Kuldeep Singh,tt0341554
andaaz tere pyaar kaa,Ganga Meri Maa,1982,Asha,Gulshan Bawra,R D Burman,
merii aawaaz ke dosto,Aamne Saamne,1982,"Amit Kumar, Chorus",Anand Bakshi,R D Burman,
tujhako furasat se vidhaataa ne rachaa,Aarohi,1982,"Mukesh, Hemlata",Bharat Vyas,Anand Saagar Kiran,
o merii bahanaa pahanaa_uu.N tujhako gahanaa,Aarohi,1982,"Mukesh, Bela",Bharat Vyas,Anand Saagar Kiran,
"muhabbat hai kyaa chiiz, ham ko bataao",Prem Rog,1982,"Lata, Suresh Wadkar",Santosh Anand,Laxmikant-Pyarelal,tt0084532
kaun disaa me.n leke chalaa re baTuhiyaa,Nadiya Ke Paar,1982,"Hemlata, Jaspal Singh",Ravindra Jain,Ravindra Jain,tt0256951
jab tak pure naa ho.n phere saat,Nadiya Ke Paar,1982,"Hemlata, chorus",Ravindra Jain,Ravindra Jain,tt0256951
azalaa.n to.n ho_e saaDe qaul,Jatt Mirza,1982,"Noorjehan, Anwar Rafi",Ahmed Rahi,Master Abdullah,tt2275853
kabhii\-kabhii bezubaan parvat bolate hai.n,Johny I Love You,1982,Lata,Anand Bakshi,Rajesh Roshan,tt0361779
mere pyaar kii aavaaz pe chalii aanaa,Raj Mahal,1982,"Rafi, Lata",Varma Malik,Kalyanji-Anandji,tt0232508
jaane kaise kab kahaa.N iqaraar ho gayaa,Shakti,1982,"Lata, Kishore",Anand Bakshi,R D Burman,tt0084667
kitane bhii tuu kar le sitam ... sanam terii qasam,Sanam Teri Qasam,1982,Kishor/ Asha,Gulshan Bawra,R D Burman,
chupake chupake raat din aa.Nsuu bahaanaa yaad hai,Nikaah,1982,Ghulam Ali,Hasrat Mohani,Ghulam Ali,tt0158827
bhuulii bisarii chand ummide.n chand fasaane yaad aa_e,Mehfil-E-Ghazal (Non-Film),1982,Mehdi Hasan,Razi Tirmizi,Mehdi Hasan,
arii o poTTii ... khaatuun kii khidamat me.n salaam apun kaa,Desh Premi,1982,"Kishor, Asha",Anand Bakshi,Laxmikant-Pyarelal,
"ik roz mai.n ta.Dapake, is dil ko thaam luu.Ngaa",Bemisaal,1982,Kishore,Anand Bakshi,R D Burman,tt0083636
he ambike jagadambike he maa.N,Baawri,1982,"Asha, Chorus",Maya Govind,Khayyam,
tujh me.n kyaa hai diiwaane,Bade Dil Wala,1982,"Kishore, Lata",Majrooh,R D Burman,tt0317117
ab ke ham bichha.De to shaayad kabhii Kaabo.n me.n mile.n,Mehfil-E-Ghazal (Non-Film),1982,Mehdi Hasan,Ahmed Faraz,Mehdi Hasan,
jaan\-e\-jaa.N o merii jaan\-e\-jaa.N... dhin tinak dhin,Sanam Teri Qasam,1982,"Asha, R D Burman, Chorus",Gulshan Bawra,R D Burman,
akelaa gayaa thaa mai.n ... mere sa.ng\-sa.ng aayaa terii,Raajput,1982,Kishor,Anand Bakshi,Laxmikant-Pyarelal,
chhaa.N.D man hari bimukhan kau sa.ng,(Non-film),1982,Hemant,Surdas,Jnan Prakash Ghosh,
ham ne sanam ko Kat likhaa,Shakti,1982,Lata,Anand Bakshi,R D Burman,tt0084667
"fizaa bhii hai javaa.N javaa.N, havaa bhii hai ravaa.N ravaa.N",Nikaah,1982,Salma Agha,Hasan Kamaal,Ravi,tt0158827
mere Kayaalo.n kii rahaguzar se,Yeh Ishq Nahin Aasaan,1983,Anwar,Anand Bakshi,Laxmikant-Pyarelal,tt0277446
u_ii ammaa u_ii ammaa mushkil ye kyaa ho ga_ii,Mawaali,1983,"Kishor, Asha",Indivar,Bappi Lahiri,tt0154857
o babu_aa yah mahu_aa,Sadmaa,1983,Asha,Gulzar,Ilaiyaraja,
kho_e\-kho_e rahe terii chaaho.n me.n,Kalaakaar,1983,"Kishor, Anuradha",Indeevar,Kalyanji-Anandji,
havaa ye prabhaatii,Shubhkaamna,1983,Lata,Anjaan,R D Burman,
baago.n kii tuu raanii hai haa.N huu.N ... baago.n kaa tuu raajakumaar,Jaani Dost,1983,"Kishor, Asha",Indivar,Bappi Lahiri,tt0187176
ye andhaa qaanuun hai,Andhaa Qaanoon,1983,Kishor,Anand Bakshi,Laxmikant-Pyarelal,
javaanii javaanii jalatii javaanii ... ho.nTho.n pe aa_ii hai aag pyaar kii,Jaani Dost,1983,"Kishor, Asha",Indivar,Bappi Lahiri,tt0187176
uupar vaale o uupar vaale teraa javaab nahii.n,Avtaar,1983,"Kishor, Lakshmi",Anand Bakshi,Laxmikant-Pyarelal,tt0233264
hai la.Dakii nahii.n tuu laka.Dii kaa khambaa ... bak bak mat kar naak teraa lambaa hai,Himmatwaalaa,1983,"Kishor, Asha",Indivar,Bappi Lahiri,
jab yaad kii badalii chhaatii hai,Painter Babu,1983,Mahendra Kapoor,Manoj Kumar,Uttam Singh-Jagdish Khanna,
ye zi.ndagii kuchh bhii sahii par ye mere kis kaam kii,Romance,1983,R D Burman,Anand Bakshi,R D Burman,tt0268585
muhabbat ab tijaarat ban ga_ii hai,Arpan,1983,Anwar,Anand Bakshi,Laxmikant-Pyarelal,tt0247936
koii paradesii aayaa parades me.n,Ham Se Hai Zamana,1983,Anwar,Anand Bakshi,R D Burman,
ye meraa jiivan tere li_e hai,Baabu,1983,Kishor,Anand Bakshi,Laxmikant-Pyarelal,tt3571104
tuu meraa jaanuu hai tuu meraa dilabar hai,Hero,1983,"Anuradha Paudwal, Manhar",Anand Bakshi,Laxmikant-Pyarelal,tt0123102
ek dafaa ek ja.ngal thaa ... us ja.ngal me.n ek giida.D thaa,Sadmaa,1983,Kamal Haasan,Gulzar,Ilayaraja,
kabhii kuchh pal jiivan ke lagataa hai ki chalate\-chalate,Rang Birangi,1983,"Anuradha Paudwal, Aarti Mukherjee",Yogesh,R D Burman,tt0086170
Dhuu.N.Dhe jashodaa chahuu or,Kisi Se Naa Kehnaa,1983,Asha,Yogesh,Bappi Lahiri,
baap kii kasam maa.N kii kasam ... tere sivaa kisii kii nahii.n mai.n,Mawaali,1983,"Kishor, Asha",Indivar,Bappi Lahiri,tt0154857
he taakii o taakii taakii taakii re jabase tuu aa.Nkho.n me.n jhaa.Nkii,Himmatwaalaa,1983,"Kishor, Asha",Indivar,Bappi Lahiri,
jiivan banaa jiivan mil gayaa teraa daaman,Jaani Dost,1983,"Kishor, Asha",Indivar,Bappi Lahiri,tt0187176
aa_ii aa_ii mai.n to aa_ii jannat chhupaa ke laa_ii,Jaani Dost,1983,"Kishor, Asha",Indivar,Bappi Lahiri,tt0187176
ham nahii.n jhuumate hai.n jhuumataa hai saaraa jahaa.n,Jaani Dost,1983,"Kishor, Asha",Indivar,Bappi Lahiri,tt0187176
pyaar hai amR^it kalash ambar tale,Trikon Kaa Chauthaa Kon,1983,Shobha Joshi,Shahryar/ Maya Govind/ Mahadevi Verma?,Jaidev,
din mahiine saal guzarate jaa_e.Nge,Avtaar,1983,"Kishor, Lata",Anand Bakshi,Laxmikant-Pyarelal,tt0233264
karuu.N na yaad magar kis tarah bhulaa_uu.N use,Meraj-E-Ghazal (Non-Film),1983,Asha/ Ghulam Ali,Ahmed Faraz,Ghulam Ali,
merii tarah allaah kare,Sitamgar,1983,"Asha, Kishore",Majrooh,R D Burman,tt0420196
are saasuu tiirath sasuraa tiirath,Sautan,1983,Kishor,Saawan Kumar,Usha Khanna,
ra.ng laal piilaa niilaa haraa ... o merii pahale hii ta.ng thii cholii,Sautan,1983,"Kishor, Anuradha Paudwal",Saawan Kumar,Usha Khanna,
shaayad merii shaadii kaa Kayaal dil me.n aayaa hai,Sautan,1983,"Kishore, Lata",Saawan Kumar,Usha Khanna,
"parvato.n se aaj mai.n Takaraa gayaa, tum ne dii aavaaz lo mai.n aa gayaa",Betaab,1983,Shabbir Kumar,Anand Bakshi,R D Burman,tt0254179
ye din to hai mubaarak ... ko_ii shamaa.n shiishe kii laayaa,Jaan-E-Jaan,1983,Kishore,Gulshan Bawra,R D Burman,
ruudaad\-e\-mohabbat kyaa kahiye,Meraj-E-Ghazal (Non-Film),1983,Asha,Saghar Siddiqui,Ghulam Ali,
pahalaa pahalaa pyaar naa bhuule,Mazdoor,1983,Salma Agha,Hassan Kamaal,R D Burman,tt0158768
laharo.n kii tarah yaade.n,Nishaan,1983,Kishore,Gulshan Bawra,Rajesh Roshan,tt0368079
nindiyaa se jaagii bahaar,Hero,1983,Lata,Anand Bakshi,Laxmikant-Pyarelal,tt0123102
mere dil se dillagii naa kar,Woh Saat Din,1983,Kishor,Anand Bakshi,Laxmikant-Pyarelal,
o dhiire dhiire zaraa zaraa jaan-e-jaanaa,Agar Tum Na Hote,1983,Asha,Gulshan Bawra,R D Burman,tt0246413
kal to ##Sunday## kii chhuTTii hai,Agar Tum Na Hote,1983,"Shailendra Singh, Rekha",Gulshan Bawra,R D Burman,tt0246413
dil dha.Dakane kaa sabab yaad aayaa,Meraj-E-Ghazal (Non-Film),1983,Asha,Nasir Kazmi,Ghulam Ali,
"zabaane.n badalate hai.n, har aan Kuubaa.n",Mandi,1983,Asha,Mir Taqi Mir,Vanraj Bhatia,tt0085896
vimukh shikhar se ... baaje re muraliyaa baaaje,Ram Shyam Gun Gaan (Non-Film),1983,"Bhimsen Joshi, Lata",Narendra Sharma,Shrinivas Khale,
tumase milake zi.ndagii ko yuu.N lagaa,Chor Police,1983,Lata,Nida Fazli,R D Burman,tt0271432
##Ding Dong O baby sing a song##,Hero,1983,"Anuradha Paudwal, Manhar, chorus",Anand Bakshi,Laxmikant-Pyarelal,tt0123102
hariyaalaa bannaa aayaa re,Raziaa Sultaan,1983,"Asha Bhosle, Jagjit Kuar, chorus",Nida Fazli,Khayyam,
phir saawan rut kii pawan chalii tum yaad aaye,Meraj-e-Ghazal (Non-Film),1983,"Asha, Ghulam Ali",Nasir Kazmi,Ghulam Ali,
gaye dino.n kaa suraaG lekar kidhar se aayaa kidhar gayaa wo,Meraj-E-Ghazal (Non-Film),1983,"Ghulam Ali, Asha/ Ghulam Ali",Nasir Kazmi,Ghulam Ali,
"lambii judaa_ii, chaar dino.n ka bahaar ho rabbaa",Hero,1983,Reshma,Anand Bakshi,Laxmikant-Pyarelal,tt0123102
dil dha.Dakane kii aavaaz kii Kaamoshii ke sivaa,Trikon Kaa Chauthaa Kon,1983,"Bhupinder, Peenaz Masani",Shahryar/ Maya Govind/ Mahadevi Verma?,Jaidev,
janam janam kaa hai ye naataa teraa meraa saajanaa,Amar Jyoti,1984,Asha,Naqsh Lyallpuri,Jaidev,
tohafaa ... pyaar kaa tohafaa teraa banaa hai jiivan meraa,Tohfaa,1984,"Kishor, Asha",Indivar,Bappi Lahiri,
jahaa.N chaar yaar mil jaaye.n,Sharaabi,1984,"Kishore, Amitabh",Prakash Mehra,Bappi Lahiri,tt0088099
TuuTe hu_e Kaabo.n ke liye aa.Nkh ye tar kyuu.N,Kehna Usey (Non-Film),1984,Mehdi Hasan,Farhat Shahzad,Niaz Ahmed,
pyaar karane vaale kabhii darate nahii.n,Hero,1984,"Lata, Manhar",Anand Bakshi,Laxmikant-Pyarelal,tt0245942
mausam pyaar kaa ra.ng badalataa rahe,Sitamgar,1984,"Asha, Kishore",Majrooh,R D Burman,tt0420196
de\-de pyaar de,Sharaabi,1984,Kishore/ Asha,Anjaan,Bappi Lahiri,tt0088099
ho ga_e diivaane tumako dekh kar is haal me.n,Lailaa,1984,Kishor,Saawan Kumar,Usha Khanna,tt21996986
tumase milakar naa jaane kyuu.n aur bhii kuchh yaad aataa hai,Pyaar Jhuktaa Nahin,1984,Kavita Subramaniam,S H Bihari,Laxmikant Pyarelal,
jab kabhii mu.Dake dekhataa huu.N mai.n,Hip Hip Hurray,1984,"Bhupinder, Asha",Gulzar,Vanraj Bhatia,tt0230294
aa jaa_o aa jaa_o naagaraajaa tum aa jaa_o,Maqsad,1984,Kishor,Indivar,Bappi Lahiri,tt0154844
gussaa chho.D dil na to.D biga.D na gha.Dii gha.Dii ... vaNakkam,Maqsad,1984,Kishor,Indivar,Bappi Lahiri,tt0154844
gorii tere a.ng a.ng me.n ruup ra.ng ke bhare hu_e hai.n kalase,Tohfaa,1984,"Kishor, Asha",Indivar,Bappi Lahiri,
mahakii kyuu.N galii galii ... alabelaa mausam kahataa hai svaagatam,Tohfaa,1984,"Kishor, Lata, Kavita Subramaniam",Indivar,Bappi Lahiri,
ek aa.Nkh maaruu.N to ... chhorii paT jaa_e,Tohfaa,1984,"Kishor, Asha",Indivar,Bappi Lahiri,
gahare halke halke gahare,Duniya,1984,"Lata, Kishore",Javed Akhtar,R D Burman,tt0301231
multaanii ka.ngan,Ishq Pecha,1984,Noorjehan,Khwaja Parvez,Zulfiqar Ali,
phirate hai.n kab se ... mai.n aur merii aavaaragii,Duniya,1984,Kishore,Javed Akhtar,R D Burman,tt0301231
ye dil ye paagal dil meraa kyo.n bujh gayaa aavaaragii,Maati Maange Khoon,1984,Ghulam Ali,Anand Bakshi,R D Burman,
tanhaa tanhaa mat sochaa kar,Kehna Usey (Non-Film),1984,Mehdi Hasan,Farhat Shahzad,Mehdi Hasan,
tuu ruuThaa to mai.n ro duu.Ngii,Jawani,1984,"Asha, Amit Kumar",Gulshan Bawra,R D Burman,tt2983672
"intahaa ho ga_ii, i.ntazaar kii",Sharaabi,1984,"Kishore, Lata",???,Bappi Lahiri,tt0088099
cha.nd rozaa zindagii hai,Subah,1984,Lata,Narendra Sharma,Hridaynath Mangeshkar,tt5049906
jhalak dikhaake kar ga_ii diiwaanaa,Manzil Manzil,1984,Shailendra Singh,Majrooh,R D Burman,tt0087678
dekhanaa unakaa kanakhiyo.n se idhar dekhaa kiye,Kehna Usey (Non-Film),1984,Mehdi Hasan,Farhat Shahzad,Niaz Ahmed,
saare jag kii tuu maataa,Teri Pooja Kare Sansaar,1984,"Mahendra Kapoor, Savita Sathi, Chorus",Thakur Tapasvi,S Madan,tt0424490
me.nhadii vaale sabake haath ... me.nhadii kahatii hai yah haal,Phaansi Ke Baad,1984,Anuradha Paudwal,Anand Bakshi,Annu Malik,tt0237565
kyaa TuuTaa hai andar andar kyuu.N cheharaa kumhalaayaa hai,Kehna Usey (Non-Film),1984,Mehdi Hasan,Farhat Shahzad,Niaz Ahmed,
ko.npale.n phir phuuT aa_ii.n shaaK par kahanaa use,Kehna Usey (Non-Film),1984,Mehdi Hasan,Farhat Shahzad,Mehdi Hasan,
faasale aise ba.Dhe.nge,Chalo Yun Hi Sahee (Non-film),1984,Savita Sathi,Krishna Raghav,Momin Khan,
ai lo mai.n ban gayaa thaanedaar bhaiyaa ab Dar kaahe kaa,Inquilaab,1984,Kishor,Anand Bakshi,Laxmikant Pyarelal,tt0087474
raghubar tumako merii laaj sadaa sadaa mai.n sharaN tihaarii,Ankahi,1984,Bhimsen Joshi,Tulsidas,Jaidev,
saare badan me.n zahar cha.Dh gayaa ... mujhe bichchhuu la.D gayaa re,Inquilaab,1984,"Kishor, Asha",Anand Bakshi,Laxmikant Pyarelal,tt0087474
aisaa samaa.N na hotaa,Zameen Aasmaan,1984,"Lata, Chorus",Anjaan,R D Burman,tt0088442
jahaa.N bin hawaa ke pardaa hile,Jhoothaa Sach,1984,Asha,Majrooh,R D Burman,
faisalaa tumako bhuul jaane kaa,Kehna Usey (Non-Film),1984,Mehdi Hasan,Farhat Shahzad,Niaz Ahmed,
kauno Thagavaa nagariyaa luuTal ho,Ankahi,1984,Asha,Kabir,Jaidev,
ek bas tuu hii nahii.n mujhase Kafaa ho baiThaa,Kehna Usey (Non-Film),1984,Mehdi Hasan,Farhat Shahzad,Mehdi Hasan,
kaisii lag rahii huu.N mai.n,Jhoothaa Sach,1984,"Lata, Kishore",Majrooh,R D Burman,
sabake dil me.n rahataa huu.N,Kehna Usey (Non-Film),1984,Mehdi Hasan,Farhat Shahzad,Niaz Ahmed,
man kyo.n bahakaa re bahakaa aadhii raat ko,Utsav,1984,"Lata, Asha",Vasant Dev,Laxmikant-Pyarelal,tt0088335
mujhako bhii raadhaa banaa le na.ndalaal,Ankahi,1984,Asha,Balkavi Bairagi,Jaidev,
khulii jo aa.Nkh to wo thaa na wo zamaanaa thaa,Kehna Usey (Non-Film),1984,Mehdi Hasan,Farhat Shahzad,Mehdi Hasan,
abhimanyuu chakravyuuh me.n pha.ns gayaa hai tuu,Inquilaab,1984,Kishor,Anand Bakshi,Laxmikant Pyarelal,tt0087474
"manzilo.n pe aake luTate, hai.n dilo.n ke kaaravaa.n",Sharaabi,1984,Kishore,"Anjaan, Prakash Mehra",Bappi Lahiri,tt0088099
barase ghana saarii raat sa.ng so jaa_o,Tarang,1984,Lata,Raghuvir Sahay,Vanraj Bhatia,tt0088227
log kahate hai.n mai.n sharaabii huu.N,Sharaabi,1984,"Kishore, Asha","Anjaan, Prakash Mehra",Bappi Lahiri,tt0088099
aavaaz dii hai aaj ik nazar ne yaa hai ye dil ko gumaa.N,Aitbaar,1985,"Asha, Bhupinder","Hasan Kamaal, Faruq Kaisar",Bappi Lahiri,tt0088687
"aavaaz dii hai aaj ik nazar ne, yaa hai ye dil ko gumaa.N",Aitbaar,1985,"Asha, Bhupinder",Hasan Kamaal,Bappi Lahiri,tt0088687
dhuup me.n nikalaa na karo ruup kii raanii,Giraftaar,1985,"Kishor, Asha",Indivar,Bappi Lahiri,
kisii Gariib ke dil se ye dillagii na karo,Sitamgar,1985,Shailendra Singh,Majrooh,R D Burman,tt0420196
jaane do naa paas aa_o naa,Saagar,1985,"Asha, Shailendra Singh",Javed Akhtar,R D Burman,tt0152256
yuu.N to milane ko ham mile hai.n,Faasale,1985,Asha,Shaharyar,Shiv-Hari,
pyaar jab naa diyaa zi.ndagii ne kabhii,Sitamgar,1985,Kishore,Majrooh,R D Burman,tt0420196
kisii nazar ko teraa intezaar aaj bhii hai,Aitbaar,1985,"Asha, Bhupinder",Hasan Kamaal,Bappi Lahiri,tt0088687
sataa sataa ke hame.n ashqabaar karatii hai,The Finest Ghazals of Mehdi Hassan (Non-Film),1985,Mehdi Hasan,Wafa Roomani,Nazar Husain,
jiine de ye duniyaa chaahe,Laavaa,1985,"Asha/ Asha, Manmohan Singh",Anand Bakshi,R D Burman,
u_ii maa.N u_ii u_ii ... mere saajan tohe bhuukh lage to ... rasagullaa ban jaa_uu.ngii,Balidaan,1985,S Janaki,Indivar,Bappi Lahiri,tt0186850
"raakhii ke din waadaa karo, waadaa nibhaa_oge",Pyaari Behnaa,1985,Indrani Mukherji,Indeevar,Bappi Lahiri,
Kudaa kare ke muhabbat me.n ye maqaam aaye,The Finest Ghazals of Mehdi Hassan (Non-Film),1985,Mehdi Hasan,Tasleem Faazli,Nashad,
ham chup hai.n ki dil sun rahe hai.n dha.Dakano.n ko,Faasale,1985,"Kishor, Lata",Shaharyar,Shiv Hari,
har ek raastaa,Ameer Aadmi Gharib Aadmi,1985,Asha,Nida Fazli,R D Burman,
yuu.N na thii mujhase beruKii pahale,Aabshaar-E-Ghazal (Non-Film),1985,Asha,Saeed Rahi,Hariharan,
yahii wafaa kaa silaa hai to ko_ii baat nahii.n,Aabshaar-E-Ghazal (Non-Film),1985,Asha,Shakeel,Hariharan,
saare shahar ke sharaabii o bhaabhii mere piichhe pa.De hai.n,Sarfarosh,1985,"Alka Yagnik, Anuradha Paudwal",Anand Bakshi,Laxmikant Pyarelal,tt0187485
ham kitane naadaan the,Sitamgar,1985,Kishore,Majrooh,R D Burman,tt0420196
cha.nd roz aur merii jaa.N,Sitamgar,1985,Kishore,Majrooh,R D Burman,tt0420196
pahale bhii jiite the magar jabase milii hai zi.ndagii,Aabshaar-E-Ghazal (Non-Film),1985,"Asha, Hariharan",Nida Fazli,Hariharan,
gulashan gulashan sholaa\-e\-gul kii zulf\-e\-sabaa kii baat chalii,The Finest Ghazals of Mehdi Hassan (Non-Film),1985,Mehdi Hasan,Asghar Saleem,Mehdi Hasan,
nawaazish karam shukriyaa meharabaanii,The Finest Ghazals of Mehdi Hassan (Non-Film),1985,Mehdi Hasan,Himayat Ali Shayar,A Hameed,
baat karanii mujhe mushkil kabhii aisii to na thii,The Finest Ghazals of Mehdi Hassan (Non-Film),1985,Mehdi Hasan,Bahadur Shah Zafar,Mehdi Hasan,
husn pahaa.Do.n kaa,Raam Teri Ganga Maili,1985,"Lata, Suresh Wadkar",Ravindra Jain,Ravindra Jain,
jab do pyaar milate hai.n,Saveray Wali Gaadi,1985,Kishore,Majrooh,R D Burman,tt0156052
din pyaar ke aa_e.Nge sajaniyaa,Saverewali Gaadi,1985,Lata,Majrooh,R D Burman,
gulo.n me.n ra.ng bhare baad\-e\-nau\-bahaar chale,The Finest Ghazals of Mehdi Hassan (Non-Film),1985,Mehdi Hasan,Faiz Ahmed Faiz,Mehdi Hasan,
bahut der se dar pe aa.Nkhe.n lagii thii.n ... bahut der kar dii,Tawaaif,1985,Asha,Hasan Kamaal,Ravi,
log kahate hai.n ajanabii tum ho,Aabshaar-E-Ghazal (Non-Film),1985,Asha,Bashir Badr,Hariharan,
dard dil me.n uThaa sochate sochate,Aabshaar-E-Ghazal (Non-Film),1985,Asha,Naqsh Lyallpuri,Hariharan,
kahii.n taare kahii.n shabanam kahii.n juganuu nikale,Aabs